,Unnamed: 1,Age,MP,FG,FGA,FG%,3P,3PA,3P%,2P,2PA,FT,FTA,FT%,TRB,AST,STL,BLK,TOV,PTS/G
0,Dejounte Murray,26,36.7,8.5,18.4,0.462,2.0,5.6,0.364,6.5,12.8,2.2,2.5,0.855,5.5,6.1,1.7,0.3,2.3,21.2
1,Trae Young,24,35.7,8.6,20.1,0.427,2.1,6.7,0.316,6.5,13.4,7.9,8.9,0.886,2.9,9.9,0.9,0.1,4.1,27.2
2,De'Andre Hunter,25,32.1,5.6,12.3,0.452,1.6,4.4,0.363,4.0,7.9,2.9,3.5,0.838,4.3,1.3,0.5,0.2,1.3,15.6
3,John Collins,25,31.6,5.3,10.4,0.513,0.8,3.2,0.259,4.5,7.1,2.0,2.6,0.784,7.7,1.3,0.7,1.2,1.3,13.5
4,Bogdan Bogdanović,30,30.8,5.7,13.4,0.427,2.8,7.7,0.367,2.9,5.8,1.2,1.5,0.769,3.4,3.1,0.8,0.3,1.2,15.4
5,Clint Capela,28,27.1,5.5,8.6,0.643,0.0,0.0,0.0,5.5,8.5,1.2,1.9,0.612,11.5,0.8,0.7,1.3,0.8,12.2
6,Onyeka Okongwu,22,24.6,3.8,6.0,0.635,0.0,0.1,0.0,3.8,6.0,1.5,2.0,0.73,7.5,1.0,0.7,1.2,1.0,9.2
7,AJ Griffin,19,20.9,3.8,7.8,0.486,1.7,4.1,0.408,2.1,3.8,0.5,0.5,0.917,2.1,1.0,0.8,0.1,0.6,9.7
8,Aaron Holiday,26,15.2,1.6,3.8,0.424,0.7,1.5,0.429,1.0,2.3,0.5,0.6,0.857,1.3,1.4,0.6,0.2,0.6,4.4
9,Justin Holiday,33,15.0,1.7,4.5,0.377,1.1,3.1,0.341,0.6,1.4,0.0,0.0,0.0,0.9,0.9,0.2,0.4,0.4,4.5
10,Jalen Johnson,21,14.5,2.0,4.1,0.474,0.4,1.5,0.282,1.5,2.6,0.8,1.2,0.691,3.6,0.9,0.5,0.4,0.5,5.1
11,Trent Forrest,24,13.8,1.4,2.9,0.489,0.0,0.1,0.0,1.4,2.8,0.1,0.2,0.667,1.8,1.9,0.4,0.1,0.6,3.0
12,Jarrett Culver,23,13.7,1.7,4.3,0.395,0.1,1.2,0.083,1.6,3.1,0.9,1.3,0.692,3.8,0.6,0.6,0.2,0.7,4.4
13,Frank Kaminsky,29,7.0,1.0,1.8,0.571,0.5,1.0,0.478,0.5,0.8,0.4,0.5,0.833,1.5,0.8,0.2,0.0,0.3,2.9
14,Vit Krejci,22,6.0,0.6,1.4,0.385,0.3,0.9,0.294,0.3,0.5,0.1,0.1,0.5,0.6,0.6,0.1,0.1,0.2,1.4
15,Tyrese Martin,23,3.7,0.5,1.3,0.375,0.1,0.4,0.2,0.4,0.9,0.2,0.2,1.0,0.5,0.0,0.1,0.0,0.1,1.3
0,Jayson Tatum,24,37.5,10.1,21.8,0.465,3.3,9.3,0.35,6.8,12.4,7.6,8.8,0.869,8.7,4.4,1.1,0.8,2.9,31.1
1,Jaylen Brown,26,36.0,10.1,20.6,0.491,2.5,7.5,0.328,7.6,13.0,4.3,5.5,0.786,7.2,3.2,1.1,0.5,3.1,27.0
2,Marcus Smart,28,32.4,4.0,9.5,0.422,1.8,5.3,0.333,2.2,4.1,1.4,1.8,0.767,3.4,7.2,1.3,0.4,2.4,11.1
3,Al Horford,36,30.9,3.6,7.5,0.473,2.0,4.8,0.422,1.5,2.7,0.3,0.4,0.714,6.1,2.7,0.6,1.0,0.6,9.4
4,Grant Williams,24,27.8,3.0,6.3,0.481,1.5,3.7,0.421,1.5,2.7,1.3,1.6,0.848,4.7,1.7,0.6,0.4,1.1,9.0
5,Derrick White,28,26.4,3.5,7.9,0.441,1.6,4.2,0.374,1.9,3.7,1.8,2.1,0.858,3.1,3.4,0.7,0.9,1.0,10.3
6,Malcolm Brogdon,30,25.0,5.0,10.5,0.476,2.0,4.4,0.447,3.0,6.1,2.5,2.9,0.879,4.3,3.7,0.6,0.3,1.5,14.5
7,Robert Williams,25,23.1,3.6,4.7,0.763,0.0,0.0,0.0,3.6,4.7,0.7,1.1,0.667,8.1,1.6,0.5,1.2,0.9,7.9
8,Sam Hauser,25,14.6,1.9,4.5,0.434,1.5,3.8,0.391,0.5,0.7,0.2,0.3,0.667,2.4,0.7,0.3,0.2,0.3,5.6
9,Blake Griffin,33,13.4,1.5,3.1,0.492,0.5,1.4,0.333,1.1,1.7,0.8,1.1,0.714,3.3,1.1,0.3,0.2,0.3,4.2
10,Payton Pritchard,25,12.5,1.9,4.6,0.401,0.9,2.8,0.33,0.9,1.9,0.2,0.3,0.667,1.6,1.1,0.3,0.0,0.7,4.9
11,Luke Kornet,27,11.7,1.6,2.3,0.68,0.1,0.2,0.333,1.5,2.1,0.5,0.5,0.833,3.0,0.7,0.2,0.8,0.4,3.7
12,Noah Vonleh,27,7.4,0.5,1.0,0.458,0.0,0.2,0.25,0.4,0.9,0.1,0.1,1.0,2.1,0.3,0.1,0.3,0.5,1.1
13,Mfiondu Kabengele,25,7.0,0.5,1.0,0.5,0.0,0.5,0.0,0.5,0.5,0.0,0.0,0.0,2.5,0.0,0.0,0.0,0.5,1.0
14,Justin Jackson,27,4.7,0.3,1.2,0.24,0.2,0.9,0.263,0.0,0.3,0.0,0.1,0.5,0.7,0.4,0.2,0.2,0.1,0.9
15,JD Davison,20,2.4,0.2,1.0,0.2,0.0,0.4,0.0,0.2,0.6,0.0,0.0,0.0,0.4,0.2,0.2,0.0,0.2,0.4
0,Kyrie Irving,30,37.1,10.0,20.5,0.486,3.3,8.7,0.378,6.7,11.8,4.0,4.6,0.882,5.1,5.3,1.1,0.8,2.3,27.3
1,Kevin Durant,34,36.0,10.5,18.8,0.559,1.8,4.8,0.376,8.7,14.0,6.8,7.3,0.934,6.7,5.3,0.8,1.5,3.5,29.7
2,Royce O'Neale,29,34.6,3.3,8.3,0.398,2.3,5.6,0.404,1.0,2.6,0.6,0.9,0.7,4.9,4.0,0.9,0.7,1.7,9.5
3,Nic Claxton,23,29.4,5.8,7.8,0.741,0.0,0.0,0.0,5.8,7.8,1.5,3.2,0.47,8.9,1.6,0.7,2.7,1.3,13.1
4,Ben Simmons,26,27.3,3.4,5.9,0.566,0.0,0.0,0.0,3.4,5.9,0.7,1.5,0.446,6.5,6.4,1.4,0.6,2.4,7.4
5,Joe Harris,31,24.6,3.1,6.8,0.452,1.9,4.7,0.399,1.2,2.1,0.3,0.5,0.667,2.7,1.6,0.6,0.3,0.7,8.4
6,Seth Curry,32,23.2,4.0,8.5,0.467,1.9,4.5,0.424,2.1,4.1,0.9,0.9,0.971,2.1,2.1,0.6,0.2,1.1,10.8
7,T.J. Warren,29,19.0,3.8,7.7,0.5,0.6,1.9,0.333,3.2,5.8,1.0,1.2,0.793,2.9,1.2,0.6,0.3,0.7,9.3
8,Yuta Watanabe,28,18.2,2.5,4.7,0.532,1.3,2.6,0.49,1.2,2.1,0.6,0.9,0.697,2.7,0.8,0.5,0.4,0.4,6.9
9,Cam Thomas,21,13.8,2.4,5.5,0.437,0.5,1.3,0.386,1.9,4.2,1.6,2.1,0.783,1.3,1.2,0.4,0.1,0.8,7.0
10,Edmond Sumner,27,13.5,2.2,4.8,0.46,0.5,1.5,0.338,1.7,3.3,1.7,1.9,0.923,1.5,1.4,0.6,0.2,0.9,6.7
11,Patty Mills,34,12.7,2.1,4.6,0.46,1.3,3.1,0.404,0.8,1.4,0.6,0.7,0.9,0.9,1.4,0.4,0.0,0.6,6.1
12,Markieff Morris,33,10.9,1.3,3.2,0.413,0.8,1.9,0.417,0.5,1.3,0.4,0.4,1.0,2.2,1.0,0.3,0.2,0.5,3.8
13,Day'Ron Sharpe,21,9.1,1.5,2.8,0.521,0.2,0.2,0.8,1.3,2.6,0.6,0.8,0.667,3.5,0.8,0.2,0.6,0.8,3.7
14,David Duke Jr.,23,9.0,1.4,3.1,0.442,0.0,0.4,0.0,1.4,2.6,0.3,0.6,0.5,1.1,0.9,0.4,0.1,0.9,3.0
15,Kessler Edwards,22,5.7,0.5,1.7,0.273,0.2,0.8,0.182,0.3,0.8,0.1,0.2,0.5,1.1,0.2,0.2,0.1,0.3,1.2
16,Alondes Williams,23,5.0,0.0,0.0,0.0,0.0,0.0,0.0,0.0,0.0,0.0,0.0,0.0,1.0,0.0,0.0,0.0,2.0,0.0
0,DeMar DeRozan,33,36.2,9.5,18.4,0.513,0.5,1.5,0.324,9.0,17.0,7.0,7.9,0.89,4.9,5.0,1.0,0.5,2.0,26.4
1,Zach LaVine,27,35.7,8.4,18.1,0.461,2.9,7.7,0.374,5.5,10.4,4.2,5.0,0.841,4.6,4.1,1.0,0.2,2.4,23.8
2,Nikola Vučević,32,33.9,7.1,13.7,0.519,1.7,4.6,0.366,5.4,9.1,1.6,2.0,0.833,11.1,3.3,0.7,0.9,1.8,17.5
3,Patrick Williams,21,29.3,3.9,8.3,0.464,1.5,3.6,0.412,2.4,4.7,1.1,1.3,0.889,4.3,1.3,0.7,0.9,1.3,10.3
4,Ayo Dosunmu,23,27.5,3.8,7.5,0.503,0.8,2.7,0.312,3.0,4.9,0.9,1.2,0.764,3.1,2.6,0.7,0.4,1.4,9.3
5,Alex Caruso,28,24.5,1.9,4.4,0.439,0.8,2.2,0.387,1.1,2.2,0.9,1.2,0.76,3.0,3.3,1.7,0.7,1.3,5.6
6,Coby White,22,21.2,2.9,7.1,0.41,1.6,4.6,0.358,1.3,2.5,0.7,0.9,0.789,2.6,1.9,0.8,0.1,0.9,8.2
7,Goran Dragić,36,16.3,2.8,6.5,0.432,1.0,2.7,0.364,1.8,3.8,0.6,0.9,0.641,1.5,2.8,0.2,0.1,1.1,7.2
8,Javonte Green,29,16.0,2.2,3.7,0.587,0.5,1.2,0.382,1.7,2.5,1.0,1.5,0.674,2.9,0.8,0.8,0.7,0.7,5.9
9,Derrick Jones Jr.,25,15.5,2.2,4.0,0.536,0.4,1.2,0.348,1.7,2.8,1.2,1.5,0.786,2.7,0.7,0.4,0.7,0.5,5.9
10,Andre Drummond,29,13.0,2.6,4.3,0.61,0.0,0.1,0.0,2.6,4.2,0.9,1.7,0.532,6.6,0.6,0.6,0.3,1.0,6.1
11,Dalen Terry,20,3.1,0.3,0.9,0.375,0.1,0.2,0.25,0.3,0.7,0.2,0.2,0.75,0.3,0.4,0.1,0.1,0.2,0.9
12,Tony Bradley,25,2.6,0.4,0.8,0.5,0.2,0.4,0.5,0.2,0.4,0.2,0.2,1.0,1.0,0.1,0.1,0.0,0.1,1.2
13,Marko Simonovic,23,1.5,0.0,0.5,0.0,0.0,0.5,0.0,0.0,0.0,0.0,0.0,0.0,0.0,0.0,0.0,0.0,0.0,0.0
14,Carlik Jones,25,1.0,1.0,1.0,1.0,0.0,0.0,0.0,1.0,1.0,0.0,0.0,0.0,0.0,0.0,0.0,0.0,0.0,2.0
15,Malcolm Hill,27,0.5,0.0,0.0,0.0,0.0,0.0,0.0,0.0,0.0,0.0,0.0,0.0,0.3,0.0,0.0,0.0,0.0,0.0
0,Terry Rozier,28,35.7,8.1,19.5,0.417,2.8,8.1,0.339,5.4,11.4,2.7,3.3,0.822,4.2,5.1,1.0,0.2,2.3,21.7
1,LaMelo Ball,21,34.4,8.0,20.0,0.401,3.9,10.9,0.359,4.1,9.0,3.0,3.5,0.88,5.5,8.2,1.1,0.3,3.3,23.0
2,Kelly Oubre Jr.,27,32.6,7.5,17.8,0.421,2.3,7.4,0.308,5.2,10.4,2.9,4.0,0.714,5.1,1.2,1.6,0.4,1.3,20.2
3,P.J. Washington,24,32.4,5.7,12.8,0.443,2.0,5.6,0.356,3.7,7.2,1.8,2.3,0.774,4.5,2.4,0.9,1.1,1.5,15.1
4,Gordon Hayward,32,31.4,5.1,11.4,0.448,1.1,3.5,0.31,4.0,8.0,2.4,3.1,0.792,4.5,3.7,0.8,0.3,2.0,13.8
5,Mason Plumlee,32,28.2,4.7,7.0,0.674,0.0,0.0,0.0,4.7,7.0,2.8,4.5,0.615,9.7,3.6,0.6,0.6,1.5,12.2
6,Jalen McDaniels,25,27.0,4.0,8.9,0.454,1.2,3.6,0.326,2.9,5.3,1.6,1.9,0.844,4.9,2.0,1.1,0.5,1.5,10.8
7,Dennis Smith Jr.,25,25.6,3.3,8.1,0.409,0.4,1.9,0.204,2.9,6.2,1.0,1.4,0.75,2.8,4.8,1.4,0.4,1.5,8.0
8,Cody Martin,27,19.1,2.0,5.1,0.389,0.4,2.0,0.214,1.6,3.1,0.6,1.0,0.571,3.4,1.6,0.6,0.1,0.3,5.0
9,Nick Richards,25,17.0,3.1,4.9,0.624,0.0,0.0,0.0,3.1,4.9,2.0,2.7,0.725,5.6,0.5,0.2,0.9,0.8,8.1
10,Théo Maledon,21,16.1,1.8,4.4,0.414,0.6,1.8,0.333,1.2,2.6,1.4,1.6,0.875,2.4,2.4,0.8,0.2,1.0,5.6
11,Mark Williams,21,14.1,2.8,4.4,0.636,0.0,0.0,0.0,2.8,4.4,1.6,2.1,0.756,5.2,0.3,0.8,0.9,0.8,7.2
12,Bryce McGowens,20,13.8,1.2,3.4,0.365,0.4,1.2,0.346,0.8,2.2,0.8,0.9,0.85,1.6,1.0,0.2,0.2,0.4,3.6
13,James Bouknight,22,13.6,1.5,4.7,0.328,0.6,2.5,0.25,0.9,2.2,0.6,0.8,0.682,2.0,1.1,0.5,0.2,0.7,4.3
14,JT Thor,20,11.1,0.9,2.6,0.36,0.3,1.4,0.25,0.6,1.3,0.4,0.6,0.739,1.8,0.4,0.2,0.2,0.5,2.7
15,Kai Jones,22,8.8,1.1,2.2,0.525,0.1,0.4,0.273,1.0,1.8,0.3,0.4,0.667,1.9,0.2,0.2,0.4,0.3,2.7
0,Donovan Mitchell,26,35.8,9.6,20.0,0.482,3.7,9.4,0.396,5.9,10.6,4.9,5.6,0.869,3.9,4.8,1.5,0.4,2.8,27.9
1,Darius Garland,23,35.7,7.5,16.6,0.451,2.5,6.2,0.402,5.0,10.4,4.5,5.1,0.869,2.9,8.2,1.3,0.1,2.9,21.9
2,Evan Mobley,21,34.1,6.2,11.2,0.554,0.2,1.2,0.207,6.0,10.1,2.5,3.6,0.696,8.9,2.7,0.7,1.3,2.1,15.2
3,Jarrett Allen,24,33.1,5.8,9.1,0.633,0.0,0.2,0.125,5.7,8.9,2.4,3.4,0.714,9.6,1.7,0.8,1.2,1.5,14.0
4,Caris LeVert,28,30.9,4.5,10.9,0.411,1.7,4.4,0.376,2.8,6.4,1.9,2.6,0.706,3.9,3.8,0.8,0.2,1.6,12.4
5,Dean Wade,26,22.7,2.1,4.6,0.461,1.3,3.2,0.408,0.8,1.4,0.6,1.0,0.619,3.7,1.0,0.7,0.5,0.5,6.2
6,Cedi Osman,27,21.4,3.4,7.2,0.476,1.4,3.9,0.36,2.0,3.2,1.0,1.5,0.676,2.3,1.5,0.5,0.1,0.8,9.3
7,Isaac Okoro,22,20.2,2.1,4.4,0.474,0.7,2.1,0.33,1.4,2.3,1.0,1.4,0.732,2.6,0.9,0.7,0.4,0.6,5.9
8,Kevin Love,34,20.0,2.7,7.0,0.389,1.7,4.8,0.354,1.0,2.2,1.4,1.5,0.889,6.8,1.9,0.2,0.2,1.1,8.5
9,Lamar Stevens,25,19.4,2.2,4.9,0.451,0.5,1.6,0.316,1.7,3.3,0.7,1.0,0.694,3.3,0.6,0.4,0.4,0.5,5.6
10,Ricky Rubio,32,15.1,1.5,5.3,0.286,0.9,3.0,0.292,0.6,2.3,0.5,0.8,0.667,2.4,3.0,0.6,0.0,0.5,4.4
11,Raul Neto,30,10.3,1.1,2.1,0.536,0.3,0.9,0.333,0.8,1.2,0.5,0.6,0.9,0.9,1.4,0.4,0.1,0.4,3.1
12,Robin Lopez,34,8.7,1.3,2.0,0.647,0.0,0.0,1.0,1.2,1.9,0.4,0.5,0.714,1.5,0.5,0.0,0.2,0.7,3.0
13,Mamadi Diakite,26,6.6,0.8,1.8,0.44,0.3,1.0,0.286,0.5,0.8,0.0,0.0,0.0,0.8,0.1,0.1,0.4,0.4,1.9
14,Isaiah Mobley,23,3.3,0.5,1.0,0.5,0.1,0.3,0.5,0.4,0.8,0.0,0.0,0.0,1.4,0.0,0.1,0.0,0.0,1.1
0,Luka Dončić,23,36.8,11.2,22.4,0.501,2.8,7.8,0.355,8.5,14.6,8.2,11.2,0.73,8.9,8.3,1.5,0.5,3.6,33.4
1,Spencer Dinwiddie,29,34.1,5.9,12.9,0.46,2.6,6.5,0.404,3.3,6.5,3.0,3.7,0.816,3.1,5.3,0.7,0.3,1.6,17.5
2,Dorian Finney-Smith,29,32.1,3.1,7.7,0.409,1.9,5.4,0.346,1.3,2.3,0.7,0.9,0.735,4.5,1.4,0.9,0.5,0.9,8.8
3,Tim Hardaway Jr.,30,29.9,4.6,12.0,0.382,2.7,7.8,0.351,1.8,4.2,1.8,2.3,0.759,3.5,1.6,0.8,0.1,0.9,13.6
4,Reggie Bullock,31,29.5,2.2,5.6,0.39,1.7,4.7,0.364,0.5,0.9,0.4,0.6,0.655,3.4,1.2,0.7,0.2,0.4,6.5
5,Christian Wood,27,29.0,6.7,12.5,0.535,1.8,4.6,0.385,4.9,7.9,3.1,4.3,0.737,8.4,1.7,0.5,1.3,2.1,18.4
6,Maxi Kleber,31,25.6,2.3,4.7,0.49,1.1,3.0,0.369,1.2,1.8,0.5,0.6,0.786,3.5,1.0,0.3,1.0,0.6,6.2
7,Josh Green,22,22.3,2.7,4.8,0.556,1.0,2.3,0.432,1.7,2.5,1.4,1.9,0.726,2.4,1.4,0.9,0.1,0.9,7.7
8,Dwight Powell,31,19.1,2.4,3.4,0.71,0.0,0.1,0.0,2.4,3.4,1.6,2.3,0.71,4.0,0.7,0.6,0.4,0.9,6.5
9,Kemba Walker,32,16.0,2.7,6.3,0.421,0.8,3.1,0.25,1.9,3.2,1.9,2.3,0.81,1.8,2.1,0.2,0.2,0.4,8.0
10,Frank Ntilikina,24,12.6,1.0,2.8,0.365,0.3,1.5,0.222,0.7,1.3,0.4,0.6,0.667,1.4,1.2,0.2,0.1,0.8,2.8
11,Dāvis Bertāns,30,10.8,1.3,3.3,0.407,1.0,2.8,0.362,0.3,0.4,0.3,0.4,0.833,0.9,0.4,0.2,0.1,0.3,4.0
12,Jaden Hardy,20,10.0,2.0,4.9,0.402,0.5,1.9,0.273,1.4,3.0,1.1,1.3,0.833,1.2,0.6,0.2,0.1,0.6,5.5
13,McKinley Wright IV,24,9.0,0.7,1.6,0.417,0.1,0.4,0.167,0.6,1.2,0.3,0.5,0.625,1.1,1.3,0.5,0.2,0.6,1.7
14,JaVale McGee,35,7.9,1.8,2.8,0.631,0.0,0.1,0.25,1.7,2.7,0.5,0.9,0.538,2.4,0.3,0.1,0.5,0.9,4.0
15,Facundo Campazzo,31,6.5,0.4,1.6,0.231,0.4,1.4,0.273,0.0,0.3,0.1,0.3,0.5,0.3,1.1,0.8,0.0,0.4,1.3
16,Theo Pinson,27,5.3,0.5,1.4,0.353,0.4,1.0,0.375,0.1,0.4,0.3,0.4,0.889,1.1,0.5,0.1,0.0,0.2,1.6
17,A.J. Lawson,22,2.8,0.6,1.2,0.455,0.3,0.8,0.429,0.2,0.4,0.1,0.3,0.333,0.3,0.1,0.0,0.0,0.0,1.6
18,Tyler Dorsey,26,2.7,1.3,1.7,0.8,0.3,0.7,0.5,1.0,1.0,0.0,0.0,0.0,0.7,0.0,0.0,0.0,0.0,3.0
0,Nikola Jokić,27,33.5,9.5,15.1,0.629,0.9,2.3,0.39,8.6,12.8,5.2,6.3,0.822,10.9,9.9,1.4,0.6,3.5,25.1
1,Jamal Murray,25,32.4,7.0,15.5,0.452,2.2,5.7,0.382,4.8,9.8,3.0,3.6,0.828,4.1,5.7,1.0,0.2,2.1,19.1
2,Kentavious Caldwell-Pope,29,31.5,4.0,8.6,0.468,2.0,4.4,0.464,2.0,4.2,1.3,1.5,0.822,3.0,2.3,1.4,0.3,1.1,11.3
3,Aaron Gordon,27,30.1,6.4,11.0,0.579,1.0,2.5,0.389,5.4,8.5,3.1,5.0,0.623,6.8,2.6,0.8,0.8,1.6,16.8
4,Bruce Brown,26,28.9,4.4,9.0,0.492,1.3,3.4,0.398,3.1,5.7,1.0,1.3,0.712,4.2,3.6,1.1,0.7,1.6,11.2
5,Michael Porter Jr.,24,28.9,6.0,12.5,0.481,2.8,6.7,0.41,3.3,5.8,1.5,1.9,0.774,5.7,1.1,0.6,0.5,1.1,16.3
6,Bones Hyland,22,19.9,4.2,10.5,0.4,2.2,5.9,0.379,2.0,4.7,1.7,2.0,0.863,2.1,3.0,0.7,0.3,1.6,12.3
7,Jeff Green,36,19.5,2.8,5.5,0.516,0.4,1.5,0.279,2.4,4.0,1.5,2.2,0.683,2.7,1.2,0.4,0.2,1.0,7.6
8,DeAndre Jordan,34,14.4,2.1,2.7,0.77,0.0,0.0,1.0,2.1,2.7,0.5,1.2,0.447,4.9,0.9,0.2,0.6,1.2,4.8
9,Vlatko Čančar,25,14.2,1.8,3.6,0.492,0.8,1.8,0.455,0.9,1.7,0.4,0.5,0.941,2.1,1.2,0.4,0.2,0.7,4.8
10,Christian Braun,21,13.7,1.5,3.2,0.465,0.4,1.0,0.34,1.1,2.1,0.4,0.6,0.593,2.0,0.6,0.3,0.2,0.4,3.6
11,Zeke Nnaji,22,13.1,2.0,3.5,0.571,0.3,1.0,0.293,1.7,2.5,0.8,1.2,0.653,2.3,0.3,0.3,0.4,0.4,5.1
12,Davon Reed,27,9.0,0.7,2.2,0.319,0.5,1.3,0.366,0.2,0.9,0.4,0.6,0.722,1.6,0.5,0.3,0.1,0.5,2.3
13,Ish Smith,34,8.5,1.2,2.8,0.419,0.1,0.3,0.333,1.1,2.5,0.0,0.1,0.5,0.8,1.7,0.3,0.3,1.0,2.5
14,Jack White,25,3.1,0.3,0.8,0.333,0.1,0.3,0.333,0.2,0.5,0.0,0.0,0.0,0.6,0.0,0.1,0.2,0.1,0.6
15,Peyton Watson,20,2.5,0.5,1.5,0.333,0.0,0.2,0.0,0.5,1.3,0.0,0.0,0.0,0.5,0.0,0.0,0.0,0.0,1.0
0,Cade Cunningham,21,33.3,7.8,18.7,0.415,1.4,5.1,0.279,6.3,13.6,3.0,3.6,0.837,6.2,6.0,0.8,0.6,3.3,19.9
1,Bojan Bogdanović,33,31.6,7.2,14.8,0.487,2.5,5.9,0.416,4.7,8.8,4.6,5.2,0.881,3.7,2.7,0.6,0.1,2.2,21.4
2,Jaden Ivey,20,30.0,5.2,12.4,0.415,1.3,4.1,0.318,3.9,8.3,3.5,4.8,0.725,4.1,4.5,0.9,0.3,2.9,15.1
3,Saddiq Bey,23,28.8,4.7,11.6,0.402,1.9,5.6,0.343,2.8,6.0,3.4,4.0,0.853,4.5,1.5,1.0,0.2,1.1,14.6
4,Isaiah Stewart,21,28.1,3.9,8.7,0.448,1.3,3.9,0.325,2.6,4.8,2.3,3.0,0.744,7.9,1.2,0.4,0.7,1.4,11.3
5,Killian Hayes,21,26.6,4.0,10.3,0.385,1.2,3.8,0.319,2.8,6.5,0.8,1.0,0.787,2.8,5.8,1.3,0.3,2.0,9.9
6,Jalen Duren,19,24.5,3.5,5.3,0.66,0.0,0.0,0.0,3.5,5.3,1.3,2.1,0.624,8.5,1.0,0.7,0.8,1.1,8.4
7,Alec Burks,31,22.2,4.2,9.1,0.455,2.0,4.5,0.446,2.2,4.6,3.2,3.9,0.812,3.1,2.2,0.7,0.1,1.1,13.5
8,Marvin Bagley III,23,21.3,4.3,8.0,0.537,0.4,1.3,0.273,4.0,6.7,1.6,2.1,0.769,5.9,0.6,0.5,0.7,0.9,10.6
9,Isaiah Livers,24,21.0,1.9,4.8,0.399,1.3,3.7,0.364,0.6,1.1,0.7,0.9,0.778,2.4,0.7,0.4,0.6,0.5,5.8
10,Hamidou Diallo,24,16.7,3.4,5.9,0.575,0.1,0.4,0.278,3.3,5.4,1.6,2.7,0.583,3.5,1.0,0.9,0.3,1.2,8.4
11,Cory Joseph,31,15.7,1.7,4.3,0.387,0.6,1.9,0.309,1.1,2.4,0.7,0.9,0.765,1.3,3.3,0.4,0.1,0.7,4.6
12,Kevin Knox,23,14.6,2.1,4.4,0.477,1.1,2.8,0.381,1.0,1.6,0.7,0.8,0.788,2.6,0.4,0.3,0.3,0.8,5.9
13,Jared Rhoden,23,12.0,1.0,3.0,0.333,0.0,1.0,0.0,1.0,2.0,0.0,0.0,0.0,1.0,0.0,0.0,0.0,0.0,2.0
14,Nerlens Noel,28,11.4,0.9,2.2,0.429,0.1,0.2,0.5,0.8,2.0,0.5,0.8,0.7,2.8,0.5,1.0,0.7,0.6,2.5
15,Rodney McGruder,31,10.7,1.1,2.8,0.375,0.8,2.0,0.375,0.3,0.8,0.4,0.6,0.727,1.4,0.7,0.3,0.0,0.4,3.3
16,Braxton Key,25,3.0,0.3,0.3,1.0,0.0,0.0,0.0,0.3,0.3,0.7,0.7,1.0,0.3,0.0,0.0,0.0,0.0,1.3
17,Buddy Boeheim,23,1.0,0.0,0.0,0.0,0.0,0.0,0.0,0.0,0.0,0.0,0.0,0.0,0.0,0.0,0.0,0.0,0.0,0.0
0,Stephen Curry,34,34.6,9.9,20.1,0.494,4.9,11.6,0.427,5.0,8.5,5.0,5.4,0.921,6.3,6.5,1.0,0.4,3.2,29.7
1,Klay Thompson,32,32.5,7.7,18.3,0.419,4.1,10.4,0.394,3.6,7.9,1.7,1.9,0.892,4.0,2.4,0.6,0.4,1.7,21.1
2,Andrew Wiggins,27,31.9,6.8,14.4,0.472,2.6,6.6,0.396,4.2,7.8,1.2,2.0,0.61,4.8,2.2,1.3,0.9,1.3,17.4
3,Draymond Green,32,31.6,3.1,6.0,0.515,0.6,1.8,0.325,2.5,4.2,1.1,1.6,0.714,7.4,6.9,0.9,0.8,2.5,7.9
4,Jordan Poole,23,30.6,7.1,16.2,0.437,2.6,8.0,0.322,4.5,8.2,4.1,4.8,0.862,2.7,4.3,0.9,0.2,3.4,20.8
5,Donte DiVincenzo,26,25.0,2.9,7.0,0.409,1.9,4.7,0.392,1.0,2.3,0.8,0.9,0.811,4.6,3.3,1.3,0.1,1.4,8.3
6,Kevon Looney,26,23.3,2.8,4.4,0.641,0.0,0.0,0.0,2.8,4.4,1.1,1.8,0.615,8.6,2.7,0.5,0.5,0.5,6.8
7,Anthony Lamb,25,19.6,2.7,5.2,0.507,1.4,3.4,0.404,1.3,1.8,0.7,0.9,0.75,3.3,1.7,0.5,0.3,1.0,7.4
8,Jonathan Kuminga,20,19.1,3.1,6.3,0.494,0.6,1.9,0.311,2.5,4.4,1.3,2.0,0.658,3.1,1.8,0.4,0.4,1.4,8.2
9,Ty Jerome,25,17.6,2.7,5.3,0.503,0.9,2.1,0.417,1.8,3.2,0.9,0.9,0.963,1.6,2.6,0.4,0.1,0.7,7.1
10,JaMychal Green,32,14.8,2.4,4.6,0.51,0.5,1.8,0.298,1.8,2.8,0.9,1.2,0.778,4.1,0.7,0.5,0.3,1.2,6.2
11,Moses Moody,20,14.8,1.8,4.0,0.452,0.9,2.5,0.367,0.9,1.5,0.7,0.9,0.703,1.7,0.9,0.3,0.1,0.7,5.2
12,Andre Iguodala,39,14.0,1.0,1.3,0.75,0.3,0.7,0.5,0.7,0.7,0.0,0.0,0.0,2.3,1.7,0.3,0.3,1.7,2.3
13,James Wiseman,21,12.7,2.8,4.6,0.609,0.1,0.1,0.5,2.7,4.5,1.2,1.8,0.657,3.6,0.7,0.1,0.4,0.7,6.8
14,Patrick Baldwin Jr.,20,8.5,1.8,4.1,0.435,1.5,3.3,0.449,0.3,0.9,0.3,0.4,0.667,1.4,0.2,0.4,0.1,0.5,5.3
15,Ryan Rollins,20,5.2,0.6,1.7,0.35,0.3,0.8,0.333,0.3,0.9,0.5,0.5,1.0,1.0,0.5,0.1,0.1,1.3,1.9
0,Jalen Green,20,34.6,7.3,17.8,0.411,2.5,7.6,0.331,4.8,10.2,4.6,5.9,0.78,4.1,3.7,0.7,0.2,2.9,21.7
1,Kevin Porter Jr.,22,34.0,6.7,15.4,0.437,2.2,6.4,0.346,4.5,9.0,3.5,4.6,0.766,5.5,5.6,1.3,0.4,3.6,19.2
2,Eric Gordon,34,29.9,4.3,10.0,0.426,1.8,5.3,0.336,2.5,4.8,2.2,2.6,0.823,2.1,2.7,0.6,0.3,1.7,12.5
3,Jabari Smith Jr.,19,29.6,4.2,10.9,0.387,1.6,5.4,0.301,2.6,5.4,1.8,2.3,0.778,7.0,1.0,0.6,1.0,1.4,11.9
4,Alperen Şengün,20,28.0,6.1,10.7,0.575,0.2,0.7,0.313,5.9,10.0,3.0,4.0,0.74,8.9,3.6,0.8,1.0,2.4,15.5
5,Kenyon Martin Jr.,22,25.3,4.5,8.1,0.556,0.9,2.7,0.328,3.6,5.3,1.4,2.3,0.611,5.4,1.4,0.4,0.3,1.1,11.2
6,Jae'Sean Tate,27,20.7,3.0,6.6,0.453,0.5,1.5,0.316,2.5,5.2,1.2,1.5,0.8,3.9,3.1,0.8,0.2,1.7,7.7
7,Tari Eason,21,19.4,3.3,7.4,0.446,0.7,2.0,0.36,2.6,5.4,1.1,1.4,0.778,5.6,1.0,1.1,0.6,1.1,8.4
8,Daishen Nix,20,14.6,1.1,3.2,0.35,0.7,2.1,0.342,0.4,1.0,0.5,0.8,0.69,1.5,2.4,0.7,0.1,1.4,3.5
9,Usman Garuba,20,13.9,1.2,2.3,0.523,0.2,0.5,0.458,1.0,1.8,0.4,0.8,0.528,4.7,1.0,0.7,0.5,0.7,3.1
10,Garrison Mathews,26,13.4,1.4,3.9,0.355,1.2,3.5,0.344,0.2,0.3,1.0,1.0,0.911,1.3,0.5,0.5,0.1,0.4,4.9
11,TyTy Washington Jr.,21,11.8,1.4,4.0,0.338,0.3,1.9,0.152,1.1,2.1,0.2,0.5,0.5,1.3,1.3,0.5,0.0,0.5,3.2
12,Bruno Fernando,24,11.5,1.5,2.8,0.534,0.0,0.0,0.0,1.5,2.8,0.8,1.3,0.647,3.6,1.0,0.2,0.8,0.6,3.8
13,Josh Christopher,21,8.4,1.4,3.4,0.409,0.2,1.0,0.152,1.3,2.4,0.5,0.7,0.762,1.1,0.7,0.2,0.2,0.8,3.5
14,Boban Marjanović,34,4.1,1.1,1.6,0.68,0.0,0.1,0.0,1.1,1.5,0.7,0.9,0.786,1.6,0.3,0.1,0.1,0.3,2.8
15,Trevor Hudgins,23,4.0,1.0,1.0,1.0,1.0,1.0,1.0,0.0,0.0,0.0,0.0,0.0,0.0,0.0,0.0,0.0,0.0,3.0
0,Tyrese Haliburton,22,33.4,7.3,15.1,0.48,3.0,7.4,0.399,4.3,7.7,2.8,3.1,0.88,4.0,10.2,1.8,0.4,2.6,20.2
1,Buddy Hield,30,32.1,6.2,13.7,0.45,3.8,8.9,0.425,2.4,4.8,1.3,1.6,0.864,4.9,2.8,1.1,0.3,1.9,17.4
2,Myles Turner,26,29.9,6.3,11.6,0.544,1.6,4.0,0.393,4.7,7.6,3.3,4.3,0.762,7.8,1.3,0.6,2.4,1.6,17.5
3,Bennedict Mathurin,20,28.6,5.6,13.1,0.426,1.5,4.5,0.323,4.1,8.6,5.3,6.4,0.823,4.2,1.4,0.6,0.1,1.8,17.9
4,Andrew Nembhard,23,27.1,3.4,7.8,0.428,1.3,3.7,0.343,2.1,4.2,0.5,0.6,0.889,2.9,4.0,1.0,0.2,1.8,8.5
5,Aaron Nesmith,23,23.6,3.2,7.8,0.406,1.4,4.0,0.341,1.8,3.7,1.6,1.8,0.88,3.7,1.1,0.8,0.4,1.0,9.3
6,T.J. McConnell,30,19.7,3.2,6.2,0.525,0.3,0.6,0.433,3.0,5.6,0.8,0.8,0.902,2.9,5.1,1.1,0.1,1.8,7.5
7,Chris Duarte,25,19.4,2.6,7.3,0.361,1.2,3.9,0.3,1.5,3.5,1.6,1.9,0.847,2.4,1.6,0.5,0.3,0.9,8.1
8,Jalen Smith,22,19.1,3.6,7.7,0.463,0.9,3.1,0.281,2.7,4.6,1.6,2.1,0.765,5.8,1.0,0.4,0.8,1.2,9.6
9,Oshae Brissett,24,16.4,1.8,4.5,0.397,0.8,2.4,0.33,1.0,2.1,1.3,1.9,0.698,3.4,0.6,0.6,0.2,0.5,5.7
10,Isaiah Jackson,21,15.6,2.7,4.8,0.556,0.0,0.2,0.111,2.6,4.6,1.5,2.3,0.682,3.9,0.9,0.4,1.5,0.9,6.9
11,Trevelin Queen,25,10.0,1.0,4.1,0.241,0.3,2.1,0.133,0.7,2.0,0.7,0.7,1.0,2.4,0.9,0.3,0.7,1.0,3.0
12,Goga Bitadze,23,9.6,1.3,2.5,0.519,0.2,0.7,0.286,1.1,1.8,0.5,1.1,0.458,2.3,0.9,0.4,0.5,0.6,3.3
13,Terry Taylor,23,8.9,1.2,2.6,0.453,0.2,0.7,0.222,1.0,1.8,0.2,0.3,0.714,1.6,0.4,0.1,0.2,0.4,2.7
14,James Johnson,35,8.2,0.8,2.3,0.37,0.3,0.8,0.3,0.6,1.4,0.3,0.3,0.75,1.3,0.6,0.3,0.4,0.4,2.2
15,Kendall Brown,19,6.7,0.7,1.2,0.571,0.0,0.2,0.0,0.7,1.0,0.2,0.3,0.5,1.0,0.5,0.7,0.0,0.3,1.5
0,Paul George,32,33.9,8.1,17.5,0.464,3.0,7.6,0.389,5.2,9.9,4.3,4.8,0.885,6.0,5.3,1.5,0.4,3.3,23.5
1,Kawhi Leonard,31,31.3,7.9,15.3,0.514,1.5,4.3,0.353,6.4,11.0,4.0,4.7,0.852,6.2,3.9,1.2,0.4,1.6,21.3
2,Ivica Zubac,25,29.2,4.0,6.5,0.61,0.0,0.0,0.0,4.0,6.5,2.2,3.1,0.712,10.1,1.0,0.4,1.3,1.8,10.1
3,Marcus Morris,33,28.9,4.8,10.9,0.437,2.0,5.3,0.379,2.8,5.6,1.3,1.7,0.795,4.4,1.8,0.6,0.4,0.9,12.9
4,Reggie Jackson,32,26.1,4.3,10.0,0.424,1.5,4.3,0.356,2.7,5.7,1.3,1.4,0.924,2.2,3.6,0.7,0.1,1.9,11.3
5,Norman Powell,29,25.2,5.4,11.3,0.48,2.0,4.7,0.425,3.5,6.7,3.3,4.2,0.786,3.0,1.7,0.7,0.4,1.7,16.2
6,Terance Mann,26,22.8,3.3,6.5,0.507,0.8,2.3,0.361,2.5,4.2,1.0,1.4,0.75,3.7,2.1,0.5,0.3,1.0,8.5
7,John Wall,32,22.2,4.1,9.9,0.408,1.0,3.2,0.303,3.1,6.7,2.3,3.3,0.681,2.7,5.2,0.8,0.4,2.4,11.4
8,Nicolas Batum,34,21.8,2.1,4.8,0.43,1.6,3.9,0.4,0.5,0.9,0.5,0.7,0.667,4.2,1.5,0.6,0.7,0.7,6.2
9,Luke Kennard,26,21.5,3.0,6.2,0.49,1.8,3.8,0.472,1.2,2.3,0.6,0.6,0.95,2.5,1.1,0.6,0.1,0.9,8.5
10,Robert Covington,32,16.6,2.0,4.8,0.409,1.0,2.9,0.337,1.0,1.9,0.8,1.1,0.735,4.0,1.3,0.7,0.8,0.7,5.7
11,Amir Coffey,25,14.2,1.2,3.3,0.373,0.3,0.9,0.286,1.0,2.4,1.2,1.4,0.818,1.3,1.3,0.2,0.1,0.4,3.9
12,Moussa Diabaté,21,11.6,1.4,2.8,0.513,0.1,0.1,0.5,1.4,2.6,0.7,1.1,0.625,3.1,0.2,0.4,0.4,0.6,3.6
13,Brandon Boston Jr.,21,11.5,2.2,5.7,0.389,0.6,1.5,0.393,1.6,4.2,1.4,1.8,0.765,1.4,1.0,0.4,0.0,0.6,6.4
14,Jason Preston,23,9.8,1.4,3.3,0.425,0.4,1.5,0.278,1.0,1.8,0.0,0.2,0.0,1.8,2.3,0.2,0.0,0.8,3.3
15,Moses Brown,23,8.5,1.8,2.8,0.635,0.0,0.0,0.0,1.8,2.8,1.0,2.1,0.458,4.1,0.1,0.1,0.4,0.4,4.6
0,LeBron James,38,36.3,11.6,23.0,0.507,2.2,7.1,0.312,9.4,15.9,4.8,6.2,0.77,8.5,7.1,1.0,0.6,3.1,30.2
1,Anthony Davis,29,33.2,9.9,17.0,0.584,0.4,1.4,0.297,9.5,15.6,6.5,7.9,0.825,12.0,2.6,1.3,2.1,1.9,26.7
2,Dennis Schröder,29,30.5,4.0,9.7,0.409,1.2,3.6,0.333,2.8,6.1,3.1,3.5,0.885,2.7,3.8,0.8,0.1,1.6,12.2
3,Lonnie Walker IV,24,29.2,5.3,11.5,0.46,2.0,5.3,0.385,3.3,6.2,1.9,2.2,0.88,2.3,1.4,0.7,0.4,1.0,14.6
4,Austin Reaves,24,28.9,3.4,7.1,0.488,1.3,3.5,0.36,2.2,3.6,2.6,2.9,0.896,3.1,2.2,0.6,0.4,1.4,10.8
5,Russell Westbrook,34,28.6,5.8,14.0,0.416,1.2,4.0,0.289,4.6,9.9,3.0,4.5,0.664,6.3,7.5,1.0,0.5,3.6,15.8
6,Patrick Beverley,34,27.0,2.1,5.5,0.39,1.2,3.6,0.342,0.9,1.9,0.8,1.0,0.814,3.2,2.5,0.9,0.5,0.9,6.4
7,Rui Hachimura,24,24.3,4.3,9.3,0.464,0.7,3.0,0.222,3.7,6.3,2.0,4.0,0.5,4.7,1.0,0.3,0.0,0.3,11.3
8,Troy Brown Jr.,23,23.9,2.6,6.0,0.426,1.2,3.4,0.348,1.4,2.6,0.5,0.5,0.958,4.2,1.0,0.8,0.2,0.7,6.8
9,Thomas Bryant,25,22.4,5.1,7.8,0.647,0.6,1.3,0.447,4.5,6.5,2.0,2.7,0.743,7.2,0.8,0.4,0.6,0.8,12.7
10,Wenyen Gabriel,25,15.7,2.7,4.4,0.619,0.2,0.7,0.333,2.5,3.8,0.9,1.3,0.636,4.0,0.5,0.4,0.6,0.7,6.5
11,Max Christie,19,14.6,1.3,3.0,0.423,0.8,1.8,0.414,0.5,1.2,0.4,0.4,0.857,2.2,0.5,0.2,0.2,0.3,3.7
12,Kendrick Nunn,27,13.5,2.6,6.4,0.406,1.1,3.2,0.325,1.6,3.2,0.4,0.5,0.81,1.4,0.9,0.3,0.1,0.8,6.7
13,Juan Toscano-Anderson,29,12.2,1.1,2.2,0.5,0.1,0.7,0.2,1.0,1.5,0.4,0.5,0.733,2.0,0.8,0.3,0.2,0.6,2.7
14,Matt Ryan,25,10.8,1.3,4.1,0.306,1.1,2.9,0.371,0.2,1.2,0.3,0.4,0.8,1.2,0.3,0.2,0.0,0.3,3.9
15,Damian Jones,27,8.0,0.9,1.7,0.541,0.0,0.1,0.0,0.9,1.5,0.7,0.9,0.75,2.5,0.2,0.1,0.5,0.4,2.5
16,Cole Swider,23,7.4,0.6,1.8,0.333,0.6,1.6,0.375,0.0,0.2,0.0,0.0,0.0,1.4,0.8,0.0,0.0,0.0,1.8
17,Sterling Brown,27,6.0,0.0,1.0,0.0,0.0,0.5,0.0,0.0,0.5,0.0,0.0,0.0,2.0,0.5,0.8,0.0,0.0,0.0
18,Scotty Pippen Jr.,22,5.3,0.7,2.0,0.333,0.2,0.5,0.333,0.5,1.5,0.8,1.5,0.556,0.7,0.3,0.3,0.2,0.3,2.3
0,Ja Morant,23,32.6,9.7,20.9,0.465,1.7,5.2,0.318,8.0,15.6,6.2,8.3,0.75,5.7,8.2,1.0,0.3,3.5,27.3
1,Desmond Bane,24,31.1,7.5,16.4,0.458,3.0,7.2,0.423,4.5,9.2,3.6,4.0,0.893,5.1,4.2,0.8,0.3,2.2,21.6
2,Dillon Brooks,27,30.6,5.9,15.0,0.394,1.9,6.0,0.318,4.0,8.9,1.9,2.4,0.782,3.5,2.7,0.8,0.2,1.6,15.6
3,Steven Adams,29,27.0,3.7,6.3,0.597,0.0,0.0,0.0,3.7,6.2,1.1,3.1,0.364,11.5,2.3,0.9,1.1,1.9,8.6
4,Jaren Jackson Jr.,23,26.8,5.8,11.7,0.496,1.6,4.2,0.371,4.2,7.5,3.4,4.3,0.781,6.7,0.9,1.0,3.2,1.6,16.5
5,Tyus Jones,26,23.6,4.0,9.0,0.439,1.6,4.1,0.388,2.4,4.9,1.0,1.3,0.8,2.3,4.7,1.1,0.0,0.9,10.6
6,John Konchar,26,23.2,2.4,5.4,0.436,1.1,3.0,0.364,1.3,2.4,0.5,0.5,0.87,4.9,1.5,1.1,0.3,0.6,6.3
7,Santi Aldama,22,21.8,3.2,6.7,0.479,1.3,3.5,0.372,1.9,3.2,1.4,1.9,0.711,4.6,1.2,0.7,0.7,0.7,9.1
8,Brandon Clarke,26,19.7,4.3,6.4,0.668,0.0,0.1,0.167,4.2,6.2,2.0,2.7,0.725,5.5,1.2,0.7,0.7,1.1,10.5
9,Ziaire Williams,21,18.8,2.6,6.3,0.42,0.8,3.2,0.25,1.8,3.1,0.5,0.7,0.765,2.8,0.9,0.5,0.2,1.2,6.6
10,David Roddy,21,18.1,2.4,5.9,0.411,0.9,3.0,0.285,1.6,2.9,0.6,1.0,0.6,2.7,0.7,0.5,0.3,0.9,6.3
11,Jake LaRavia,21,13.3,1.2,3.0,0.405,0.8,2.1,0.35,0.5,0.9,0.3,0.3,0.778,2.1,0.8,0.4,0.1,0.6,3.4
12,Xavier Tillman Sr.,24,12.5,2.0,3.4,0.6,0.1,0.3,0.3,1.9,3.1,0.6,1.2,0.514,3.5,0.8,0.7,0.3,0.4,4.8
13,Kennedy Chandler,20,9.6,1.1,2.9,0.394,0.1,0.6,0.143,1.0,2.3,0.2,0.5,0.455,1.3,2.0,0.4,0.2,0.7,2.6
14,Vince Williams Jr.,22,5.4,0.3,1.4,0.231,0.1,1.0,0.111,0.2,0.4,0.0,0.0,0.0,0.8,0.3,0.4,0.1,0.1,0.8
15,Kenneth Lofton Jr.,20,4.1,1.0,2.4,0.412,0.0,0.4,0.0,1.0,2.0,0.4,0.7,0.6,0.6,0.6,0.0,0.0,0.3,2.4
0,Bam Adebayo,25,35.0,8.6,16.0,0.54,0.0,0.2,0.1,8.6,15.7,4.2,5.3,0.791,10.0,3.2,1.2,0.8,2.7,21.4
1,Tyler Herro,23,34.7,7.3,16.7,0.438,3.0,8.2,0.37,4.3,8.6,2.6,2.8,0.918,5.8,4.4,0.9,0.3,2.4,20.3
2,Jimmy Butler,33,33.9,7.3,13.9,0.526,0.6,1.8,0.303,6.8,12.1,6.8,8.0,0.847,6.1,4.9,2.1,0.3,1.7,21.9
3,Kyle Lowry,36,33.7,4.0,9.9,0.4,2.1,6.2,0.335,1.9,3.7,2.4,2.8,0.855,4.4,5.4,1.1,0.4,2.0,12.4
4,Caleb Martin,27,30.6,3.8,8.3,0.454,1.3,3.6,0.37,2.4,4.7,1.1,1.4,0.789,4.8,1.7,1.0,0.4,1.1,9.9
5,Max Strus,26,30.3,4.4,11.1,0.4,2.6,7.7,0.339,1.8,3.4,1.1,1.3,0.889,3.7,2.2,0.7,0.2,1.0,12.7
6,Victor Oladipo,30,28.4,4.1,10.1,0.409,1.4,4.8,0.298,2.7,5.2,1.7,2.3,0.754,3.3,3.8,1.6,0.2,1.8,11.4
7,Gabe Vincent,26,24.9,3.4,8.3,0.406,1.6,5.0,0.326,1.8,3.4,1.1,1.2,0.87,2.2,2.6,0.8,0.1,1.4,9.5
8,Haywood Highsmith,26,19.0,1.8,4.4,0.415,0.8,2.2,0.363,1.0,2.2,0.2,0.5,0.389,3.8,0.7,0.8,0.3,0.8,4.7
9,Duncan Robinson,28,17.9,2.3,6.2,0.368,1.6,5.0,0.331,0.6,1.3,0.7,0.8,0.909,1.9,1.2,0.3,0.0,0.7,6.9
10,Orlando Robinson,22,14.5,1.7,3.2,0.541,0.0,0.2,0.0,1.7,3.0,0.8,1.1,0.731,4.3,0.8,0.5,0.4,0.6,4.3
11,Jamal Cain,23,13.9,1.9,3.7,0.521,0.2,0.8,0.182,1.8,2.8,0.9,1.2,0.75,2.9,0.6,0.6,0.0,0.3,4.9
12,Nikola Jović,19,13.6,1.9,4.6,0.406,0.5,2.3,0.229,1.3,2.3,1.2,1.3,0.947,2.1,0.7,0.5,0.1,0.7,5.5
13,Dru Smith,25,13.4,1.0,2.8,0.357,0.2,1.2,0.167,0.8,1.6,0.0,0.0,0.0,1.8,1.0,0.8,0.6,0.2,2.2
14,Dewayne Dedmon,33,11.7,2.2,4.3,0.512,0.4,1.2,0.306,1.8,3.1,1.1,1.5,0.727,3.7,0.5,0.2,0.4,0.7,5.9
15,Udonis Haslem,42,7.2,0.2,2.0,0.1,0.0,0.2,0.0,0.2,1.8,0.2,0.4,0.5,1.2,0.0,0.2,0.2,0.0,0.6
0,Giannis Antetokounmpo,28,33.4,11.2,20.9,0.534,0.8,3.0,0.274,10.3,17.9,8.6,13.4,0.644,12.0,5.3,0.8,0.8,4.1,31.7
1,Jrue Holiday,32,32.7,7.4,15.8,0.467,2.3,6.2,0.371,5.1,9.6,2.5,2.9,0.858,5.1,7.3,1.3,0.4,3.3,19.5
2,Brook Lopez,34,30.4,5.5,11.0,0.501,1.9,5.0,0.381,3.6,6.0,1.5,1.9,0.787,6.2,1.2,0.5,2.5,1.4,14.5
3,Grayson Allen,27,27.3,3.4,7.7,0.444,1.9,4.7,0.4,1.5,3.0,1.9,2.1,0.905,3.5,2.7,0.8,0.2,1.1,10.6
4,Bobby Portis,27,26.8,6.0,12.0,0.499,1.2,3.6,0.341,4.7,8.4,1.2,1.5,0.829,10.1,1.8,0.5,0.2,1.3,14.4
5,Pat Connaughton,30,24.8,3.0,7.7,0.389,2.1,5.9,0.358,0.9,1.8,0.4,0.7,0.6,4.7,1.2,0.7,0.1,0.6,8.6
6,Jevon Carter,27,23.2,2.7,6.5,0.416,1.5,3.7,0.402,1.2,2.9,0.4,0.5,0.815,2.5,2.7,1.1,0.4,1.2,7.4
7,Joe Ingles,35,22.1,2.3,5.6,0.416,1.7,4.5,0.383,0.6,1.1,0.4,0.5,0.889,2.3,3.6,0.6,0.2,1.4,6.8
8,Khris Middleton,31,21.2,3.8,10.4,0.368,1.5,5.1,0.286,2.4,5.3,2.0,2.2,0.917,2.6,4.2,0.7,0.2,2.0,11.1
9,George Hill,36,19.6,1.7,3.9,0.447,0.7,2.2,0.311,1.1,1.7,1.0,1.4,0.739,2.0,2.6,0.6,0.1,0.8,5.1
10,Jordan Nwora,24,16.0,2.0,5.2,0.389,1.1,2.7,0.4,0.9,2.5,1.0,1.2,0.86,3.2,1.0,0.3,0.2,0.9,6.1
11,MarJon Beauchamp,22,14.9,2.1,5.4,0.399,1.0,3.1,0.327,1.1,2.2,0.5,0.7,0.72,2.4,0.7,0.4,0.1,1.0,5.9
12,Wesley Matthews,36,14.7,1.0,2.9,0.352,0.8,2.4,0.342,0.2,0.6,0.3,0.3,0.9,1.9,0.6,0.5,0.2,0.4,3.2
13,Serge Ibaka,33,11.6,1.6,3.4,0.481,0.4,1.1,0.333,1.3,2.3,0.5,0.8,0.615,2.8,0.3,0.1,0.4,0.7,4.1
14,A.J. Green,23,9.1,1.5,3.5,0.44,1.2,2.9,0.4,0.4,0.6,0.2,0.2,1.0,1.1,0.5,0.2,0.0,0.3,4.4
15,Sandro Mamukelashvili,23,8.6,0.8,2.3,0.348,0.3,1.3,0.24,0.5,1.1,0.4,0.6,0.583,2.2,0.7,0.1,0.2,0.3,2.3
16,Thanasis Antetokounmpo,30,4.2,0.2,0.8,0.235,0.0,0.2,0.0,0.2,0.6,0.1,0.3,0.5,1.0,0.2,0.1,0.1,0.3,0.5
0,Anthony Edwards,21,36.5,8.9,19.2,0.465,2.8,7.4,0.377,6.2,11.8,4.2,5.5,0.766,6.1,4.5,1.7,0.6,3.4,24.9
1,Karl-Anthony Towns,27,33.8,7.3,14.4,0.505,1.8,5.6,0.325,5.5,8.9,4.4,5.0,0.885,8.2,5.3,0.8,0.7,3.1,20.8
2,D'Angelo Russell,26,33.1,6.2,13.4,0.461,2.6,6.7,0.386,3.6,6.6,2.7,3.2,0.854,3.0,6.3,1.1,0.4,2.7,17.6
3,Rudy Gobert,30,31.0,5.1,7.5,0.675,0.0,0.1,0.0,5.1,7.5,3.2,4.8,0.665,11.8,0.9,0.8,1.3,1.8,13.4
4,Jaden McDaniels,22,30.9,4.5,8.7,0.518,1.2,3.3,0.38,3.3,5.5,1.2,1.6,0.738,3.8,2.0,1.0,1.0,1.5,11.5
5,Kyle Anderson,29,26.7,3.1,6.3,0.494,0.6,1.5,0.443,2.5,4.9,1.6,2.1,0.782,4.7,4.2,1.2,0.9,1.5,8.5
6,Austin Rivers,30,21.2,2.0,4.3,0.463,0.9,2.5,0.363,1.1,1.8,0.6,0.8,0.839,1.8,1.5,0.6,0.0,0.5,5.5
7,Taurean Prince,28,21.0,3.2,6.3,0.503,1.4,3.3,0.421,1.8,3.0,0.9,1.1,0.818,2.3,1.3,0.4,0.3,1.1,8.7
8,Jaylen Nowell,23,19.8,4.3,9.8,0.441,1.0,3.7,0.277,3.3,6.2,1.2,1.6,0.767,2.6,2.1,0.7,0.1,1.0,10.9
9,Naz Reid,23,17.6,4.0,7.5,0.539,0.9,2.8,0.32,3.1,4.7,1.1,1.7,0.68,4.7,0.9,0.6,0.9,1.3,10.1
10,Jordan McLaughlin,26,15.9,1.6,3.7,0.424,0.4,1.9,0.235,1.1,1.8,0.5,0.5,1.0,1.7,3.6,0.8,0.1,0.8,4.1
11,Bryn Forbes,29,10.7,1.1,3.4,0.338,0.5,1.8,0.256,0.7,1.6,0.6,0.6,1.0,0.6,0.6,0.3,0.0,0.4,3.3
12,Luka Garza,24,7.9,1.8,3.7,0.492,0.4,1.3,0.318,1.4,2.4,1.3,1.6,0.815,1.8,0.4,0.1,0.1,0.4,5.4
13,Nathan Knight,25,7.5,1.3,2.2,0.607,0.3,0.6,0.412,1.1,1.6,1.0,1.4,0.692,1.5,0.3,0.3,0.1,0.5,3.9
14,Matt Ryan,25,7.4,0.9,2.4,0.395,0.8,1.9,0.387,0.2,0.4,0.3,0.3,1.0,0.6,0.4,0.1,0.1,0.2,2.9
15,Wendell Moore Jr.,21,5.6,0.7,1.6,0.419,0.1,0.7,0.154,0.6,0.9,0.2,0.3,0.8,0.7,0.5,0.3,0.2,0.4,1.6
16,Josh Minott,20,2.3,0.4,0.7,0.6,0.0,0.1,0.0,0.4,0.6,0.6,0.6,1.0,0.7,0.3,0.1,0.3,0.0,1.4
17,A.J. Lawson,22,2.0,1.0,1.0,1.0,0.0,0.0,0.0,1.0,1.0,0.0,0.0,0.0,1.0,0.0,0.0,0.0,0.0,2.0
0,CJ McCollum,31,35.2,8.0,18.5,0.431,3.0,7.6,0.388,5.0,10.8,2.4,3.1,0.783,4.5,5.8,1.0,0.6,2.7,21.3
1,Zion Williamson,22,33.0,9.8,16.2,0.608,0.2,0.7,0.368,9.6,15.5,6.1,8.6,0.714,7.0,4.6,1.1,0.6,3.4,26.0
2,Brandon Ingram,25,31.5,7.1,15.9,0.446,1.7,4.2,0.408,5.4,11.8,4.5,5.1,0.884,5.1,4.6,0.9,0.6,3.1,20.4
3,Trey Murphy III,22,29.1,4.3,9.1,0.478,2.2,5.4,0.398,2.2,3.6,1.7,1.9,0.922,3.7,1.3,1.0,0.5,0.8,12.6
4,Herbert Jones,24,27.7,3.4,7.8,0.432,0.8,2.7,0.287,2.6,5.1,2.2,2.9,0.752,3.8,2.1,1.5,0.7,1.2,9.7
5,Naji Marshall,25,25.2,3.6,8.4,0.426,1.0,3.3,0.316,2.5,5.1,2.0,2.6,0.79,3.8,2.6,0.8,0.2,1.3,10.3
6,Jonas Valančiūnas,30,24.8,5.7,10.7,0.537,0.6,1.7,0.352,5.1,8.9,2.5,3.0,0.826,9.6,1.6,0.3,0.5,2.0,14.6
7,Larry Nance Jr.,30,22.6,3.3,5.4,0.606,0.3,0.8,0.364,3.0,4.6,0.9,1.3,0.712,5.6,1.9,1.0,0.7,0.8,7.7
8,Jose Alvarado,24,22.2,3.4,8.4,0.407,1.5,4.3,0.341,2.0,4.1,1.2,1.5,0.813,2.4,3.2,1.2,0.2,1.3,9.5
9,Dyson Daniels,19,19.9,1.8,4.0,0.445,0.5,1.5,0.333,1.3,2.4,0.5,0.7,0.621,3.5,2.5,0.9,0.3,1.1,4.5
10,Devonte' Graham,27,15.4,1.6,4.3,0.367,1.2,3.5,0.348,0.4,0.8,0.9,1.2,0.746,1.4,2.2,0.6,0.2,0.5,5.3
11,Jaxson Hayes,22,14.1,1.9,3.5,0.535,0.1,0.8,0.13,1.8,2.7,1.3,2.0,0.672,3.0,0.8,0.3,0.4,0.6,5.2
12,Willy Hernangómez,28,12.7,2.4,4.6,0.526,0.0,0.3,0.143,2.4,4.3,2.2,2.9,0.764,4.7,0.9,0.4,0.4,1.1,7.0
13,Kira Lewis Jr.,21,10.6,2.3,4.1,0.552,0.4,1.1,0.375,1.9,3.0,1.1,1.1,1.0,1.7,0.7,0.1,0.1,0.6,6.1
14,Garrett Temple,36,7.6,0.9,2.1,0.412,0.5,1.3,0.4,0.4,0.9,0.2,0.3,0.75,0.7,0.6,0.6,0.1,0.2,2.4
15,Dereon Seabron,22,2.0,0.5,1.0,0.5,0.0,0.0,0.0,0.5,1.0,0.0,0.0,0.0,0.3,0.0,0.0,0.0,0.0,1.0
0,Julius Randle,28,35.7,8.3,18.1,0.461,2.7,7.8,0.343,5.6,10.3,5.4,7.2,0.747,10.8,4.0,0.7,0.3,2.7,24.7
1,RJ Barrett,22,34.7,7.1,16.3,0.434,1.9,5.5,0.344,5.2,10.8,4.2,5.6,0.757,5.4,2.8,0.5,0.2,2.3,20.3
2,Jalen Brunson,26,34.4,8.1,17.3,0.469,1.8,4.4,0.398,6.4,12.9,4.5,5.3,0.848,3.5,6.2,1.0,0.3,2.1,22.5
3,Quentin Grimes,22,29.9,3.6,8.1,0.443,1.9,5.4,0.358,1.7,2.7,1.2,1.5,0.81,3.5,2.0,0.7,0.4,1.1,10.3
4,Immanuel Quickley,23,27.4,4.4,10.2,0.435,1.6,4.8,0.345,2.8,5.4,2.1,2.5,0.841,4.1,3.1,0.9,0.1,1.2,12.6
5,Mitchell Robinson,24,26.9,3.1,4.6,0.674,0.0,0.0,0.0,3.1,4.6,1.0,2.0,0.506,8.9,1.0,0.9,1.8,0.5,7.2
6,Cam Reddish,23,21.9,3.1,6.8,0.449,0.9,2.8,0.304,2.2,4.0,1.5,1.7,0.879,1.6,1.0,0.8,0.4,0.8,8.4
7,Evan Fournier,30,18.5,2.3,6.6,0.348,1.4,4.4,0.31,1.0,2.3,0.8,1.0,0.842,2.1,1.5,0.6,0.2,1.0,6.8
8,Isaiah Hartenstein,24,18.5,2.1,4.2,0.498,0.2,0.6,0.242,1.9,3.5,0.6,0.8,0.767,6.1,0.8,0.6,0.8,0.8,5.0
9,Obi Toppin,24,15.4,2.5,6.0,0.423,1.3,3.4,0.372,1.3,2.6,0.5,0.6,0.826,3.3,0.9,0.4,0.2,0.6,6.8
10,Jericho Sims,24,14.9,1.8,2.3,0.814,0.0,0.0,0.0,1.8,2.3,0.2,0.3,0.8,4.8,0.4,0.2,0.6,0.5,3.9
11,Miles McBride,22,13.2,1.2,3.6,0.326,0.6,2.3,0.256,0.6,1.3,0.4,0.6,0.667,0.8,1.2,0.6,0.0,0.5,3.4
12,Derrick Rose,34,12.9,2.3,6.0,0.394,0.7,2.3,0.317,1.6,3.7,0.4,0.5,0.917,1.5,1.8,0.3,0.2,0.8,5.8
13,Svi Mykhailiuk,25,3.1,0.5,0.9,0.5,0.5,0.8,0.6,0.0,0.2,0.2,0.4,0.6,0.5,0.1,0.1,0.0,0.2,1.6
14,Ryan Arcidiacono,28,2.4,0.1,0.5,0.2,0.1,0.3,0.333,0.0,0.2,0.0,0.0,0.0,0.4,0.2,0.2,0.0,0.1,0.3
15,Trevor Keels,19,1.0,0.0,1.0,0.0,0.0,1.0,0.0,0.0,0.0,0.0,0.0,0.0,1.0,0.0,0.0,0.0,0.0,0.0
0,Shai Gilgeous-Alexander,24,35.6,10.3,20.3,0.51,1.0,2.7,0.368,9.3,17.6,9.2,10.2,0.908,4.8,5.7,1.7,1.1,3.0,30.9
1,Josh Giddey,20,30.8,7.0,14.4,0.485,1.0,3.0,0.326,6.0,11.4,1.2,1.6,0.778,8.0,5.7,0.7,0.5,3.1,16.1
2,Luguentz Dort,23,30.3,4.8,11.8,0.406,1.9,5.4,0.357,2.9,6.5,2.5,3.3,0.758,4.2,2.3,1.0,0.3,1.4,14.1
3,Jalen Williams,21,28.7,4.9,9.6,0.514,0.8,2.7,0.311,4.1,6.9,1.4,1.9,0.747,3.9,2.8,1.1,0.5,1.5,12.1
4,Kenrich Williams,28,22.3,3.2,6.1,0.52,1.0,2.4,0.406,2.2,3.7,0.3,0.7,0.433,5.0,1.9,0.7,0.3,0.5,7.6
5,Aleksej Pokusevski,21,21.8,3.5,7.8,0.44,1.2,3.3,0.376,2.2,4.6,0.7,1.1,0.636,5.1,2.0,0.6,1.3,1.3,8.8
6,Jeremiah Robinson-Earl,22,21.1,3.3,6.7,0.489,1.1,2.9,0.382,2.2,3.8,0.8,1.1,0.786,5.0,1.0,0.7,0.4,0.6,8.5
7,Tre Mann,21,18.6,3.0,7.8,0.389,1.2,4.1,0.303,1.8,3.7,0.4,0.6,0.69,2.3,1.6,0.7,0.2,1.0,7.7
8,Aaron Wiggins,24,18.4,2.4,4.8,0.5,0.7,1.7,0.397,1.7,3.1,0.9,1.1,0.81,3.4,1.5,0.5,0.2,0.9,6.4
9,Darius Bazley,22,15.7,2.0,4.5,0.44,0.5,1.2,0.366,1.5,3.3,1.1,1.9,0.556,3.4,0.9,0.5,0.9,0.6,5.5
10,Isaiah Joe,23,15.0,2.5,5.5,0.467,2.0,4.4,0.443,0.6,1.0,0.9,1.0,0.818,2.2,1.0,0.6,0.1,0.4,7.9
11,Ousmane Dieng,19,14.5,1.6,3.8,0.438,0.6,2.2,0.297,1.0,1.6,0.1,0.2,0.25,2.6,1.3,0.3,0.2,0.5,4.0
12,Mike Muscala,31,14.4,1.9,4.5,0.423,1.2,3.1,0.38,0.7,1.4,0.8,0.9,0.811,3.1,0.8,0.3,0.5,0.4,5.7
13,Jaylin Williams,20,13.6,1.8,3.9,0.451,0.5,1.2,0.429,1.3,2.8,0.3,0.6,0.545,4.1,1.3,0.3,0.1,0.8,4.4
14,Eugene Omoruyi,25,12.4,2.1,4.3,0.482,0.4,1.5,0.276,1.7,2.8,0.7,1.1,0.619,2.3,0.6,0.7,0.0,0.7,5.2
15,Lindy Waters III,25,11.3,1.4,3.5,0.388,1.2,3.3,0.371,0.2,0.3,0.3,0.4,0.714,1.6,0.8,0.3,0.3,0.3,4.2
0,Paolo Banchero,20,33.7,6.7,15.4,0.433,1.4,4.3,0.316,5.3,11.1,5.9,7.8,0.763,6.4,3.7,1.0,0.5,2.8,20.7
1,Franz Wagner,21,33.1,7.2,14.7,0.491,1.7,4.6,0.373,5.5,10.1,3.8,4.5,0.843,4.0,3.5,0.9,0.2,2.0,19.9
2,Wendell Carter Jr.,23,30.0,5.6,10.7,0.523,1.2,3.4,0.358,4.4,7.3,2.8,3.6,0.772,8.6,2.7,0.4,0.7,2.2,15.2
3,Markelle Fultz,24,28.0,5.0,10.2,0.49,0.4,1.3,0.342,4.6,8.9,1.6,2.3,0.71,3.8,5.7,1.5,0.4,2.3,12.1
4,Cole Anthony,22,25.7,4.2,9.6,0.435,1.2,3.5,0.333,3.0,6.2,2.5,2.8,0.891,4.6,4.1,0.6,0.5,1.6,12.0
5,Bol Bol,23,24.4,4.5,7.9,0.577,0.6,1.6,0.347,4.0,6.2,1.4,1.8,0.741,6.6,0.9,0.5,1.5,1.9,11.0
6,Gary Harris,28,23.9,3.3,6.4,0.507,1.8,3.8,0.466,1.5,2.6,0.8,0.9,0.857,2.0,1.2,0.8,0.2,0.8,9.1
7,Jalen Suggs,21,22.7,3.2,7.9,0.407,1.0,3.8,0.275,2.2,4.1,1.6,2.3,0.694,2.7,3.8,1.1,0.4,2.0,9.1
8,Terrence Ross,31,22.0,3.0,7.0,0.431,1.4,3.7,0.381,1.6,3.2,0.3,0.5,0.75,2.0,1.3,0.6,0.2,0.9,7.8
9,Chuma Okeke,24,21.8,1.8,4.8,0.368,1.0,3.3,0.3,0.8,1.5,0.9,1.2,0.762,4.2,1.4,0.6,0.5,0.5,5.4
10,Moritz Wagner,25,21.7,3.8,7.6,0.5,1.0,3.2,0.32,2.8,4.4,2.9,3.3,0.878,5.3,1.8,0.7,0.2,1.4,11.5
11,Mo Bamba,24,16.9,2.6,5.3,0.498,1.0,2.6,0.396,1.6,2.7,0.9,1.3,0.686,4.6,1.0,0.3,0.9,0.5,7.2
12,Caleb Houstan,20,16.5,1.3,3.5,0.381,0.9,2.6,0.364,0.4,0.9,0.4,0.4,0.846,2.3,0.6,0.2,0.1,0.3,4.0
13,R.J. Hampton,21,13.9,1.9,4.4,0.439,0.7,2.0,0.34,1.2,2.3,1.2,1.4,0.838,1.5,1.3,0.6,0.2,0.8,5.7
14,Admiral Schofield,25,13.0,1.6,3.4,0.478,0.7,2.0,0.333,1.0,1.4,0.6,0.7,0.895,1.9,0.9,0.2,0.1,0.2,4.6
15,Kevon Harris,25,12.6,1.2,2.9,0.421,0.4,1.1,0.393,0.8,1.8,0.8,1.0,0.815,2.0,0.5,0.5,0.1,0.6,3.7
16,Jonathan Isaac,25,9.0,2.3,5.0,0.45,1.0,2.3,0.444,1.3,2.8,0.0,0.5,0.0,2.8,0.8,1.5,0.0,0.0,5.5
0,James Harden,33,36.7,6.5,14.6,0.447,2.8,7.3,0.386,3.7,7.3,5.4,6.3,0.865,6.3,11.0,1.2,0.5,3.5,21.3
1,Joel Embiid,28,34.8,11.3,21.1,0.534,1.2,3.3,0.358,10.1,17.8,9.9,11.6,0.852,10.0,4.2,1.1,1.7,3.7,33.6
2,Tobias Harris,30,33.8,6.5,12.8,0.503,1.8,4.9,0.379,4.6,8.0,1.5,1.8,0.861,6.2,2.6,1.0,0.5,1.4,16.3
3,Tyrese Maxey,22,33.7,7.5,16.3,0.457,2.5,6.3,0.392,5.0,10.0,3.2,4.0,0.798,2.9,3.9,0.8,0.1,1.6,20.6
4,De'Anthony Melton,24,29.1,4.0,9.5,0.425,2.3,5.8,0.396,1.7,3.7,0.8,1.0,0.778,4.5,2.8,1.9,0.6,1.5,11.1
5,P.J. Tucker,37,26.4,1.1,2.8,0.398,0.6,1.6,0.382,0.5,1.2,0.3,0.4,0.889,4.0,0.9,0.5,0.3,0.7,3.2
6,Shake Milton,26,22.8,3.8,7.6,0.5,0.8,2.1,0.385,3.0,5.5,1.4,1.7,0.84,2.9,3.3,0.3,0.2,1.4,9.9
7,Georges Niang,29,19.8,3.2,7.0,0.454,2.3,5.4,0.424,0.9,1.6,0.5,0.6,0.926,2.4,1.1,0.4,0.2,0.8,9.2
8,Danuel House Jr.,29,15.6,1.6,3.4,0.474,0.7,2.0,0.348,0.9,1.4,0.8,1.1,0.75,1.9,0.7,0.2,0.2,0.5,4.7
9,Montrezl Harrell,29,13.0,2.3,3.9,0.603,0.0,0.0,0.0,2.3,3.8,1.3,1.9,0.694,2.8,0.6,0.3,0.5,0.7,6.0
10,Matisse Thybulle,25,12.1,1.0,2.4,0.435,0.4,1.3,0.333,0.6,1.1,0.2,0.2,0.7,1.2,0.5,0.9,0.3,0.2,2.7
11,Furkan Korkmaz,25,10.5,1.3,3.3,0.41,0.5,1.5,0.343,0.8,1.8,0.8,1.2,0.655,1.2,0.8,0.3,0.1,0.6,4.0
12,Paul Reed,23,9.7,1.4,2.4,0.567,0.0,0.1,0.0,1.4,2.3,0.4,0.5,0.75,3.4,0.4,0.7,0.6,0.6,3.2
13,Saben Lee,23,5.0,1.5,2.0,0.75,0.0,0.5,0.0,1.5,1.5,0.0,0.0,0.0,0.0,1.0,0.5,0.0,1.5,3.0
14,Jaden Springer,20,3.7,1.0,1.7,0.583,0.0,0.0,0.0,1.0,1.7,0.4,0.6,0.75,1.0,0.1,0.3,0.3,0.1,2.4
15,Julian Champagnie,21,3.5,0.0,1.0,0.0,0.0,0.5,0.0,0.0,0.5,0.0,0.0,0.0,0.0,0.0,0.5,0.0,0.0,0.0
16,Michael Foster Jr.,20,1.0,0.0,0.0,0.0,0.0,0.0,0.0,0.0,0.0,0.0,0.0,0.0,0.0,0.0,0.0,0.0,0.0,0.0
0,Mikal Bridges,26,36.5,6.2,13.3,0.465,1.8,4.6,0.399,4.4,8.8,2.6,2.9,0.893,4.3,3.6,1.2,0.8,1.4,16.8
1,Devin Booker,26,34.6,9.8,20.4,0.477,2.3,6.2,0.37,7.4,14.2,5.3,6.2,0.85,4.6,5.6,0.9,0.4,2.4,27.1
2,Chris Paul,37,31.8,5.0,11.0,0.45,1.8,4.5,0.413,3.1,6.6,2.7,3.2,0.83,4.4,8.7,1.4,0.4,2.0,14.5
3,Deandre Ayton,24,29.9,7.7,13.6,0.57,0.2,0.5,0.304,7.6,13.0,2.1,3.0,0.717,10.1,2.1,0.5,0.7,2.1,17.8
4,Cameron Johnson,26,25.9,4.8,10.4,0.459,2.8,6.3,0.443,2.0,4.1,1.6,2.1,0.793,4.1,1.6,0.9,0.4,0.4,14.0
5,Torrey Craig,32,25.6,3.1,6.8,0.456,1.3,3.3,0.396,1.8,3.4,0.5,0.7,0.788,5.7,1.5,0.7,0.6,0.9,8.1
6,Cameron Payne,28,24.0,4.5,11.0,0.412,1.7,4.5,0.378,2.8,6.5,1.4,1.8,0.776,2.3,5.3,0.9,0.2,2.0,12.1
7,Damion Lee,30,22.3,3.0,6.5,0.457,1.8,3.7,0.472,1.2,2.8,1.4,1.6,0.902,3.3,1.5,0.4,0.1,1.1,9.1
8,Landry Shamet,25,21.4,3.1,8.1,0.38,2.0,5.4,0.377,1.0,2.7,1.4,1.5,0.911,1.7,2.2,0.6,0.2,1.0,9.5
9,Saben Lee,23,17.3,2.0,4.4,0.455,0.6,1.2,0.5,1.4,3.2,2.4,3.1,0.774,2.2,3.3,0.2,0.1,1.1,7.0
10,Jock Landale,27,14.5,2.6,4.9,0.521,0.4,1.5,0.266,2.2,3.4,1.3,1.6,0.838,3.9,0.9,0.3,0.5,1.0,6.8
11,Ish Wainright,28,14.4,1.4,3.5,0.39,0.9,2.5,0.349,0.5,0.9,0.2,0.3,0.667,2.0,1.1,0.8,0.2,0.4,3.8
12,Bismack Biyombo,30,14.3,1.8,3.2,0.556,0.0,0.0,0.0,1.8,3.2,0.4,1.2,0.327,4.2,0.9,0.3,1.4,0.9,3.9
13,Dario Šarić,28,13.8,1.9,4.5,0.432,0.7,1.8,0.39,1.2,2.7,1.0,1.2,0.825,3.7,1.5,0.4,0.1,1.0,5.6
14,Josh Okogie,24,13.0,1.6,4.1,0.389,0.5,1.7,0.286,1.1,2.4,1.4,2.0,0.705,3.0,1.2,0.6,0.4,0.9,5.1
15,Duane Washington Jr.,22,12.7,3.0,8.3,0.367,1.3,3.6,0.36,1.7,4.7,0.5,0.8,0.667,1.2,2.0,0.2,0.1,1.1,7.9
0,Damian Lillard,32,35.9,9.2,19.9,0.463,4.1,11.1,0.371,5.1,8.9,7.8,8.7,0.906,3.9,7.3,0.9,0.3,3.1,30.4
1,Anfernee Simons,23,35.9,7.7,17.1,0.449,3.6,9.5,0.377,4.1,7.6,2.6,2.9,0.9,2.8,4.0,0.7,0.3,2.2,21.6
2,Jerami Grant,28,35.8,7.3,15.0,0.488,2.4,5.7,0.422,4.9,9.3,4.3,5.3,0.797,4.3,2.4,0.9,0.8,1.8,21.3
3,Josh Hart,27,33.5,3.5,6.9,0.505,0.7,2.0,0.323,2.8,4.9,1.7,2.3,0.727,8.2,4.1,1.1,0.2,1.6,9.3
4,Jusuf Nurkić,28,27.8,5.3,10.0,0.525,0.9,2.3,0.394,4.4,7.8,2.6,3.8,0.686,9.6,2.9,0.9,0.9,2.5,14.1
5,Justise Winslow,26,26.8,2.8,6.8,0.409,0.5,1.6,0.311,2.3,5.3,0.7,1.0,0.714,5.0,3.4,1.0,0.4,1.5,6.8
6,Shaedon Sharpe,19,19.8,3.1,6.6,0.472,0.9,2.6,0.336,2.2,4.0,0.6,0.9,0.636,2.4,0.5,0.3,0.2,0.7,7.7
7,Drew Eubanks,25,18.8,2.4,3.3,0.715,0.1,0.1,0.5,2.3,3.2,0.9,1.3,0.661,4.5,1.0,0.5,1.2,0.8,5.6
8,Nassir Little,22,16.3,2.3,4.7,0.493,1.1,2.3,0.456,1.2,2.3,0.6,0.9,0.615,2.2,0.9,0.3,0.3,0.5,6.2
9,Gary Payton II,30,15.9,1.5,2.5,0.607,0.6,1.0,0.636,0.9,1.5,0.0,0.0,0.0,2.7,1.9,1.1,0.0,0.8,3.7
10,Trendon Watford,22,15.0,1.7,3.1,0.567,0.2,0.7,0.333,1.5,2.4,1.1,1.5,0.76,3.3,1.4,0.4,0.1,0.8,4.8
11,Keon Johnson,20,10.5,1.6,4.5,0.366,0.8,2.2,0.352,0.9,2.3,0.4,0.7,0.529,1.4,1.0,0.5,0.2,1.1,4.4
12,Jabari Walker,20,8.7,0.8,2.0,0.403,0.1,0.5,0.188,0.7,1.5,0.5,0.7,0.667,2.2,0.5,0.1,0.2,0.4,2.2
13,Greg Brown III,21,5.9,0.7,1.7,0.423,0.1,0.4,0.167,0.7,1.3,0.3,0.8,0.417,1.2,0.1,0.3,0.3,0.4,1.9
14,John Butler,20,3.0,0.2,0.7,0.25,0.0,0.5,0.0,0.2,0.2,0.0,0.0,0.0,0.3,0.2,0.0,0.2,0.0,0.3
0,Domantas Sabonis,26,34.5,6.9,11.3,0.61,0.4,1.2,0.364,6.5,10.2,4.3,5.7,0.749,12.4,7.1,0.7,0.5,3.0,18.5
1,De'Aaron Fox,25,33.6,9.1,18.0,0.504,1.6,4.8,0.329,7.5,13.2,4.4,5.6,0.786,4.3,6.1,1.0,0.3,2.6,24.1
2,Harrison Barnes,30,32.7,4.6,9.7,0.477,1.8,4.6,0.382,2.9,5.1,4.2,5.1,0.821,4.8,1.7,0.8,0.1,1.2,15.2
3,Kevin Huerter,24,30.9,5.5,11.6,0.478,2.8,6.9,0.408,2.7,4.7,1.4,2.0,0.711,3.4,3.0,1.1,0.3,1.5,15.3
4,Keegan Murray,22,29.7,4.4,9.7,0.452,2.5,6.0,0.422,1.9,3.7,1.0,1.2,0.807,4.4,1.0,0.7,0.5,0.9,12.3
5,Malik Monk,24,22.3,4.6,10.6,0.436,1.7,5.2,0.319,3.0,5.4,2.2,2.5,0.899,2.5,3.9,0.6,0.2,1.9,13.1
6,Davion Mitchell,24,18.2,2.4,5.1,0.462,0.8,2.3,0.339,1.6,2.8,0.3,0.4,0.75,1.5,2.1,0.5,0.2,0.9,5.9
7,Trey Lyles,27,15.7,2.4,5.3,0.465,1.1,3.1,0.366,1.3,2.1,1.2,1.6,0.791,3.7,0.8,0.4,0.5,0.8,7.3
8,Terence Davis,25,12.9,2.3,5.5,0.419,1.3,3.6,0.346,1.1,1.9,0.6,0.7,0.885,2.4,1.3,0.8,0.3,0.9,6.5
9,Chimezie Metu,25,10.8,2.1,3.5,0.583,0.1,0.7,0.208,1.9,2.9,0.7,0.9,0.806,3.1,0.7,0.3,0.2,0.6,4.9
10,Richaun Holmes,29,9.1,1.4,2.0,0.692,0.1,0.1,0.75,1.3,1.9,0.4,0.4,0.857,2.2,0.2,0.1,0.3,0.4,3.3
11,KZ Okpala,23,7.1,0.5,1.1,0.421,0.2,0.6,0.333,0.3,0.5,0.2,0.2,0.875,1.0,0.4,0.2,0.2,0.2,1.3
12,Neemias Queta,23,6.3,1.5,2.0,0.75,0.0,0.0,0.0,1.5,2.0,0.0,0.5,0.0,2.3,0.3,0.0,0.3,0.3,3.0
13,Matthew Dellavedova,32,5.8,0.5,1.3,0.385,0.3,0.6,0.417,0.3,0.7,0.1,0.2,0.333,0.4,1.2,0.3,0.0,0.3,1.3
14,Chima Moneke,27,4.0,0.5,1.0,0.5,0.0,0.0,0.0,0.5,1.0,0.0,1.0,0.0,1.0,0.5,0.0,0.0,1.0,1.0
15,Alex Len,29,3.6,0.4,0.8,0.5,0.0,0.1,0.0,0.4,0.8,0.3,0.3,0.75,1.3,0.3,0.0,0.0,0.3,1.1
16,PJ Dozier,26,2.5,0.5,0.8,0.667,0.3,0.5,0.5,0.3,0.3,0.0,0.0,0.0,0.5,0.0,0.8,0.0,0.0,1.3
17,Keon Ellis,23,2.2,0.2,0.4,0.5,0.2,0.4,0.5,0.0,0.0,0.0,0.0,0.0,0.4,0.2,0.0,0.0,0.0,0.6
0,Keldon Johnson,23,32.5,7.8,17.8,0.438,2.4,7.1,0.34,5.4,10.8,3.9,5.1,0.772,4.8,2.6,0.7,0.2,2.0,21.9
1,Devin Vassell,22,31.3,7.1,16.0,0.445,2.8,7.0,0.404,4.3,9.0,2.4,3.0,0.793,4.0,3.6,1.2,0.4,1.6,19.4
2,Tre Jones,23,29.8,5.1,11.6,0.437,0.7,2.6,0.267,4.4,9.0,2.2,2.5,0.889,3.6,6.4,1.3,0.2,1.8,13.1
3,Jeremy Sochan,19,26.3,4.1,8.9,0.462,0.6,2.2,0.271,3.5,6.7,1.3,1.9,0.679,4.9,2.5,0.8,0.4,1.8,10.1
4,Jakob Poeltl,27,25.9,5.0,8.1,0.62,0.0,0.0,0.0,5.0,8.1,1.7,2.9,0.59,9.0,3.0,0.8,1.2,2.0,11.8
5,Joshua Primo,20,23.3,2.3,6.5,0.346,0.8,3.0,0.25,1.5,3.5,1.8,2.3,0.778,3.3,4.5,0.3,0.5,2.8,7.0
6,Josh Richardson,29,23.2,4.1,9.3,0.439,1.8,4.9,0.362,2.3,4.5,1.3,1.4,0.873,2.7,3.2,0.8,0.2,1.4,11.2
7,Zach Collins,25,20.7,3.7,6.9,0.536,0.6,1.6,0.371,3.1,5.4,1.6,2.2,0.739,5.9,2.5,0.4,0.7,1.9,9.6
8,Doug McDermott,31,20.4,3.7,8.0,0.467,1.8,4.4,0.415,1.9,3.6,0.8,1.0,0.745,2.3,1.4,0.2,0.1,1.0,10.1
9,Romeo Langford,23,20.2,3.1,6.4,0.49,0.4,1.4,0.283,2.7,4.9,0.8,1.2,0.649,2.9,1.3,0.5,0.3,0.7,7.4
10,Malaki Branham,19,19.7,2.8,6.8,0.412,0.9,3.2,0.277,1.9,3.5,0.7,0.8,0.806,1.8,1.7,0.5,0.1,1.0,7.1
11,Keita Bates-Diop,27,18.3,2.9,5.8,0.498,0.6,1.6,0.362,2.3,4.2,1.3,1.6,0.783,3.0,0.9,0.6,0.2,0.7,7.6
12,Stanley Johnson,26,14.5,2.1,4.0,0.531,0.7,1.5,0.444,1.5,2.5,0.8,1.3,0.625,3.0,2.4,0.4,0.3,1.1,5.8
13,Charles Bassey,22,13.6,2.0,2.9,0.671,0.1,0.3,0.333,1.9,2.7,0.7,1.0,0.667,5.2,1.2,0.3,0.9,1.2,4.7
14,Isaiah Roby,24,10.6,1.5,3.5,0.443,0.5,1.4,0.327,1.1,2.1,0.5,1.0,0.444,2.5,0.9,0.4,0.2,0.5,4.0
15,Blake Wesley,19,10.3,1.6,3.3,0.478,0.4,1.0,0.429,1.1,2.3,0.6,1.1,0.5,1.1,1.0,0.1,0.1,1.0,4.1
16,Gorgui Dieng,33,9.8,1.3,3.2,0.407,0.6,2.1,0.278,0.7,1.1,0.2,0.2,0.75,2.8,1.6,0.1,0.4,0.8,3.4
17,Jordan Hall,21,9.2,1.0,3.1,0.321,0.3,1.7,0.2,0.7,1.4,0.8,1.0,0.778,1.3,1.2,0.1,0.0,0.8,3.1
18,Alize Johnson,26,7.5,0.8,1.5,0.5,0.0,0.5,0.0,0.8,1.0,0.3,0.5,0.5,2.5,0.3,0.3,0.0,1.0,1.8
19,Dominick Barlow,19,6.5,0.8,1.8,0.429,0.0,0.8,0.0,0.8,1.0,1.0,1.0,1.0,0.8,0.8,0.3,0.0,0.0,2.5
0,Pascal Siakam,28,37.7,8.8,18.7,0.471,1.3,4.2,0.314,7.5,14.6,6.0,7.7,0.772,8.0,6.3,0.7,0.6,2.6,25.0
1,Fred VanVleet,28,37.0,6.3,15.9,0.395,2.9,8.6,0.341,3.3,7.3,3.7,4.1,0.899,4.3,6.5,1.6,0.6,1.8,19.2
2,OG Anunoby,25,35.8,6.3,13.7,0.457,1.9,5.2,0.366,4.4,8.5,2.4,3.0,0.821,5.5,2.0,2.1,0.8,2.2,16.9
3,Scottie Barnes,21,34.8,6.1,13.2,0.465,0.8,2.9,0.291,5.3,10.3,2.6,3.4,0.77,7.1,4.9,1.0,0.9,2.0,15.7
4,Gary Trent Jr.,24,33.2,6.5,14.7,0.444,2.7,7.3,0.367,3.8,7.4,3.0,3.6,0.831,2.5,1.5,1.7,0.3,0.9,18.6
5,Precious Achiuwa,23,22.0,3.9,8.1,0.478,0.5,2.1,0.25,3.3,5.9,2.0,2.6,0.743,6.4,1.0,0.6,0.7,1.2,10.2
6,Chris Boucher,30,20.4,3.3,7.0,0.471,0.8,2.5,0.31,2.5,4.5,2.0,2.7,0.742,5.7,0.5,0.7,0.7,0.5,9.4
7,Otto Porter Jr.,29,18.3,1.9,3.8,0.5,0.8,2.1,0.353,1.1,1.6,1.0,1.0,1.0,2.4,1.0,1.4,0.0,0.5,5.5
8,Thaddeus Young,34,16.0,2.2,3.9,0.563,0.1,0.6,0.154,2.1,3.3,0.4,0.5,0.75,3.4,1.5,1.1,0.1,0.8,4.9
9,Juancho Hernangómez,27,15.4,1.2,2.8,0.432,0.4,1.6,0.266,0.8,1.2,0.2,0.4,0.563,3.1,0.6,0.4,0.2,0.4,3.1
10,Christian Koloko,22,15.0,1.4,2.8,0.496,0.0,0.2,0.111,1.4,2.6,0.8,1.3,0.66,3.2,0.5,0.2,1.1,0.4,3.7
11,Malachi Flynn,24,14.1,1.8,5.0,0.366,1.1,2.8,0.378,0.8,2.2,0.4,0.5,0.765,1.6,1.4,0.3,0.1,0.5,5.1
12,Dalano Banton,23,10.1,2.0,4.7,0.423,0.6,2.0,0.302,1.4,2.8,0.6,0.8,0.824,1.5,1.2,0.5,0.5,0.6,5.2
13,Joe Wieskamp,23,8.5,1.5,2.5,0.6,1.5,2.0,0.75,0.0,0.5,0.0,0.0,0.0,0.0,0.5,0.0,0.0,0.5,4.5
14,Khem Birch,30,8.1,1.0,1.6,0.594,0.1,0.1,0.5,0.9,1.5,0.2,0.3,0.8,1.3,0.4,0.3,0.3,0.4,2.2
15,Jeff Dowtin,25,6.6,0.9,1.8,0.48,0.1,0.3,0.25,0.8,1.5,0.2,0.2,1.0,0.9,0.9,0.1,0.1,0.1,2.0
16,Justin Champagnie,21,3.7,1.0,1.0,1.0,0.0,0.0,0.0,1.0,1.0,0.0,0.0,0.0,1.3,0.3,0.0,0.0,0.0,2.0
17,Ron Harper Jr.,22,3.0,1.0,1.7,0.6,0.7,1.0,0.667,0.3,0.7,0.0,0.0,0.0,0.7,0.0,0.0,0.0,0.0,2.7
0,Lauri Markkanen,25,34.3,8.4,16.1,0.52,3.1,7.2,0.432,5.3,8.9,5.0,5.7,0.87,8.6,1.8,0.6,0.6,1.8,24.9
1,Jordan Clarkson,30,32.5,7.5,16.7,0.45,2.6,7.6,0.35,4.9,9.2,3.2,3.9,0.823,4.0,4.3,0.6,0.2,2.9,20.9
2,Mike Conley,35,29.6,3.4,8.8,0.391,1.9,5.1,0.366,1.6,3.7,1.6,2.0,0.8,2.5,7.6,1.1,0.2,1.6,10.3
3,Kelly Olynyk,31,28.2,4.0,7.9,0.5,1.5,3.5,0.414,2.5,4.4,2.6,3.1,0.831,4.9,3.2,1.1,0.6,2.3,11.9
4,Malik Beasley,26,27.0,4.9,12.2,0.401,3.1,8.6,0.362,1.8,3.7,0.7,0.8,0.841,3.6,1.7,0.8,0.2,1.1,13.6
5,Jarred Vanderbilt,23,24.4,3.4,6.1,0.557,0.4,1.1,0.345,3.0,5.0,1.3,2.0,0.67,7.9,2.8,1.0,0.3,1.4,8.5
6,Collin Sexton,24,23.9,4.9,9.8,0.499,1.1,2.5,0.418,3.8,7.3,3.5,4.2,0.829,2.2,2.7,0.6,0.1,1.7,14.3
7,Walker Kessler,21,20.2,3.3,4.7,0.715,0.0,0.0,0.0,3.3,4.7,1.0,1.9,0.537,7.3,0.8,0.3,2.0,0.8,7.7
8,Talen Horton-Tucker,22,15.4,2.6,6.4,0.403,0.7,2.6,0.255,1.9,3.8,1.1,1.5,0.733,2.3,2.4,0.7,0.3,1.2,6.9
9,Nickeil Alexander-Walker,24,14.9,2.4,4.8,0.494,1.0,2.5,0.402,1.4,2.3,0.8,1.1,0.692,1.7,2.2,0.7,0.4,1.3,6.5
10,Rudy Gay,36,14.8,1.6,4.5,0.361,0.5,2.3,0.238,1.1,2.2,0.6,0.7,0.815,3.1,0.9,0.4,0.4,0.6,4.4
11,Ochai Agbaji,22,12.9,1.5,3.1,0.478,0.6,1.7,0.36,0.9,1.4,0.3,0.6,0.625,1.6,0.5,0.1,0.1,0.3,3.9
12,Simone Fontecchio,27,8.1,1.2,3.0,0.38,0.8,2.2,0.368,0.3,0.8,0.3,0.5,0.643,1.1,0.3,0.1,0.2,0.5,3.5
13,Leandro Bolmaro,22,5.0,0.2,1.5,0.158,0.0,0.3,0.0,0.2,1.2,0.0,0.0,0.0,0.4,0.5,0.2,0.1,0.5,0.5
14,Micah Potter,24,4.7,0.7,0.7,1.0,0.0,0.0,0.0,0.7,0.7,0.0,0.0,0.0,1.0,0.7,0.0,0.0,0.0,1.3
15,Udoka Azubuike,23,3.9,0.8,0.9,0.824,0.0,0.0,0.0,0.8,0.9,0.1,0.3,0.333,1.5,0.3,0.1,0.2,0.2,1.7
0,Kyle Kuzma,27,35.4,8.3,18.2,0.457,2.6,7.6,0.337,5.7,10.5,2.7,3.8,0.707,7.6,3.9,0.5,0.5,3.0,21.8
1,Bradley Beal,29,32.8,8.3,16.1,0.512,1.5,4.2,0.362,6.7,11.9,3.9,4.6,0.849,3.5,5.2,0.8,0.6,2.7,22.0
2,Kristaps Porziņģis,27,32.6,7.2,15.3,0.47,1.9,5.4,0.348,5.3,9.9,5.7,6.9,0.827,8.8,2.5,1.0,1.6,2.2,22.0
3,Monte Morris,27,28.3,4.0,8.3,0.474,1.3,3.4,0.397,2.6,5.0,1.1,1.4,0.814,3.3,5.3,0.7,0.2,0.9,10.4
4,Corey Kispert,23,27.5,3.3,7.0,0.476,1.9,4.5,0.42,1.4,2.5,1.1,1.3,0.855,2.8,1.4,0.6,0.1,0.8,9.6
5,Deni Avdija,22,26.2,3.1,7.2,0.439,0.8,2.9,0.286,2.3,4.3,1.5,2.0,0.755,6.3,2.5,0.8,0.5,1.4,8.7
6,Rui Hachimura,24,24.3,5.3,10.8,0.488,1.0,3.0,0.337,4.3,7.8,1.5,1.9,0.759,4.3,1.2,0.4,0.4,1.2,13.0
7,Delon Wright,30,21.2,2.3,5.3,0.441,0.8,2.5,0.308,1.6,2.8,1.1,1.3,0.889,3.0,3.6,2.0,0.3,0.8,6.6
8,Kendrick Nunn,27,20.0,5.0,11.0,0.455,1.7,5.0,0.333,3.3,6.0,0.3,0.3,1.0,3.0,2.0,1.0,0.0,0.3,12.0
9,Will Barton,32,19.7,2.7,7.1,0.379,1.3,3.4,0.374,1.4,3.6,0.9,1.1,0.805,2.7,2.5,0.4,0.3,1.1,7.5
10,Jordan Goodwin,24,18.8,2.6,5.6,0.458,0.7,1.8,0.406,1.8,3.8,0.8,1.1,0.75,3.4,2.7,1.1,0.5,0.9,6.7
11,Daniel Gafford,24,17.7,3.4,4.5,0.742,0.0,0.0,0.0,3.4,4.5,1.5,2.5,0.627,5.1,0.8,0.4,1.3,0.9,8.3
12,Taj Gibson,37,10.1,1.4,2.7,0.541,0.1,0.5,0.2,1.3,2.2,0.6,0.9,0.69,2.0,0.8,0.4,0.3,0.6,3.6
13,Anthony Gill,30,9.8,1.2,2.0,0.597,0.1,0.5,0.118,1.1,1.5,0.6,0.7,0.833,1.4,0.5,0.1,0.1,0.1,3.0
14,Devon Dotson,23,8.8,0.2,1.7,0.1,0.2,0.7,0.25,0.0,1.0,0.0,0.0,0.0,1.7,1.3,0.8,0.0,0.5,0.5
15,Johnny Davis,20,5.0,0.4,1.3,0.308,0.0,0.3,0.0,0.4,1.0,0.3,0.3,1.0,0.7,0.2,0.0,0.1,0.1,1.1
16,Isaiah Todd,21,3.3,0.3,1.0,0.25,0.0,0.8,0.0,0.3,0.3,0.0,0.0,0.0,0.0,0.0,0.0,0.0,0.0,0.5
17,Jordan Schakel,24,3.0,0.5,1.0,0.5,0.5,0.5,1.0,0.0,0.5,0.0,0.0,0.0,0.0,0.5,0.5,0.0,0.0,1.5
18,Vernon Carey Jr.,21,2.7,0.1,0.7,0.167,0.0,0.0,0.0,0.1,0.7,0.2,0.2,1.0,0.9,0.2,0.2,0.2,0.2,0.4
